<?xml version="1.0" encoding="UTF-8"?><efg:efgEntity xmlns:efg="http://www.europeanfilmgateway.eu/efg" xmlns:oai="http://www.openarchives.org/OAI/2.0/" xmlns:xsi="http://www.w3.org/2001/XMLSchema-instance">
				       <efg:avcreation>
				         <efg:avManifestation>
				           <efg:identifier scheme="CP_CATEGORY_ID">BNFA_avManifestation_BNF010000545</efg:identifier>
				           <efg:recordSource>
				             <efg:sourceID>BNF010000545</efg:sourceID>
				             <efg:provider id="BNFA" schemeID="Institution acronym">Bulgarian National Film Archive</efg:provider>
				           </efg:recordSource>
				           <efg:title lang="bg">
				             <efg:geographicScope/>
				             <efg:text>Прегледъ 31</efg:text>
				             <efg:relation>Original title</efg:relation>
				           </efg:title>
				           <efg:thumbnail>https://i.ytimg.com/vi/B_7KPeyJOT8/sddefault.jpg</efg:thumbnail>
				           <efg:format>
				             <efg:gauge>35 mm</efg:gauge>
				             <efg:aspectRatio>4:3</efg:aspectRatio>
				             <efg:colour hasColor="false">Black &amp; White</efg:colour>
				             <efg:sound hasSound="true">With sound</efg:sound>
				           </efg:format>
				           <efg:dimension unit="m">244</efg:dimension>
				           <efg:rightsHolder URL="http://www.bnf.bg">Bulgarian National Film Archive</efg:rightsHolder>
				           <efg:rightsStatus>In Copyright - Educational Use Permitted</efg:rightsStatus>
				           <efg:duration>00:08:33</efg:duration>
				           <efg:item>
				             <efg:identifier scheme="CP_CATEGORY_ID">BNFA_item_1ZZ01nv7nV9TafADai8+Vw</efg:identifier>
				             <efg:provider>Bulgarian National Film Archive</efg:provider>
				             <efg:type>Video</efg:type>
				             <efg:aggregator>BNFA Youtube Account</efg:aggregator>
				             <efg:fileFormat>video/mpg4</efg:fileFormat>
				             <efg:isShownAt>https://www.youtube.com/watch?v=B_7KPeyJOT8</efg:isShownAt>
				             <efg:isShownBy>https://www.youtube.com/watch?v=B_7KPeyJOT8</efg:isShownBy>
				           </efg:item>
				         </efg:avManifestation>
				         <efg:identifier scheme="CP_CATEGORY_ID">BNFA_avCreation_BNF010000545</efg:identifier>
				         <efg:recordSource>
				           <efg:sourceID>BNF010000545</efg:sourceID>
				           <efg:provider id="BNFA" schemeID="Institution acronym">Bulgarian National Film Archive</efg:provider>
				         </efg:recordSource>
				         <efg:countryOfReference>BG</efg:countryOfReference>
				         <efg:title lang="bg">
				           <efg:geographicScope/>
				           <efg:text>Прегледъ 31</efg:text>
				           <efg:relation>Original title</efg:relation>
				         </efg:title>
				         <efg:title lang="EN">
				           <efg:geographicScope/>
				           <efg:text>Newsreel 31</efg:text>
				           <efg:relation>Translated title</efg:relation>
				         </efg:title>
				         <efg:description lang="bg" type="Synopsis">I. Тракия. Град Сер. Изгледи: сгради, площад, хълм. // II. 15-та художествена изложба в Държавната художествена галерия, София. Залата - картини, скулптури. Бюст на Богдан Филов. Хора разглеждат.  // III. Зима в София. Храм - паметник "Ал. Невски", паметникът на цар Освободител, Софийският университет, улици, Борисовата градина. Шейна с два коня минава през заснежена гора.  // IV. Старата и нова нервно - психиатрична клиника, София. Сградите, коридори.  // V. Жп гара София. БЧК изпраща санитарен влак за Източния фронт. Товарене сандъци във вагон. Представител на германската войска се ръкува с медицинския персонал. Хора на гарата изпращат заминаващия влак.</efg:description>
				         <efg:description lang="EN" type="Synopsis">I. Thrace. Views from the city of Ser. Buildings, the main square, a hill;  // II. 15th art exhibition of the National Gallery of Art, Sofia. Paintings and sculptures. A bust of Bogdan Filov. Patrons viewing the exhibition; // III. Winter in Sofia. "Alexander Nevsky" Cathedral. The monument to Russian emperor Alexander II. Boris' Garden. A sleigh with two horses passes through a snow-covered forest;  // IV. The old and new psychiatric clinic in Sofia. The buildings and corridors; // V. The Sofia railway station. The Bulgarian Red Cross sends a sanitary train to the Eastern front. Loading chests in a waggon. A representative of the German army greets the doctors. People at the station see the train off;</efg:description>
				         <efg:keywords lang="bg" type="Subject">
				           <efg:term>култура</efg:term>
				         </efg:keywords>
				         <efg:keywords lang="bg" type="Subject">
				           <efg:term>здравеопазване</efg:term>
				         </efg:keywords>
				         <efg:keywords lang="EN" type="Subject">
				           <efg:term>culture</efg:term>
				         </efg:keywords>
				         <efg:keywords lang="EN" type="Subject">
				           <efg:term>healthcare</efg:term>
				         </efg:keywords>
				         <efg:keywords lang="EN" type="Form">
				           <efg:term>Newsreel</efg:term>
				         </efg:keywords>
				         <efg:productionYear>1942</efg:productionYear>
				         <efg:relCorporate>
				           <efg:identifier scheme="CP_CATEGORY_ID">BNFA_corporate_44ad5ee1beca01c91076e06e55f4da73</efg:identifier>
				           <efg:name>Bulgarsko Delo</efg:name>
				           <efg:type>Production company</efg:type>
				         </efg:relCorporate>
				         <efg:relCollection>
				           <efg:identifier scheme="CP_CATEGORY_ID">BNFA_collection_a8edab4f0bf4a1af230d3d865fa4dc59</efg:identifier>
				           <efg:title>Pre-Socialist Newsreels</efg:title>
				           <efg:type>is part of</efg:type>
				         </efg:relCollection>
				       </efg:avcreation>
				     </efg:efgEntity>