<?xml version="1.0" encoding="UTF-8"?><efg:efgEntity xmlns:efg="http://www.europeanfilmgateway.eu/efg" xmlns:oai="http://www.openarchives.org/OAI/2.0/" xmlns:xsi="http://www.w3.org/2001/XMLSchema-instance">
				       <efg:avcreation>
				         <efg:avManifestation>
				           <efg:identifier scheme="CP_CATEGORY_ID">BNFA_avManifestation_BNF010009707</efg:identifier>
				           <efg:recordSource>
				             <efg:sourceID>BNF010009707</efg:sourceID>
				             <efg:provider id="BNFA" schemeID="Institution acronym">Bulgarian National Film Archive</efg:provider>
				           </efg:recordSource>
				           <efg:title lang="bg">
				             <efg:geographicScope/>
				             <efg:text>Към майката отечество</efg:text>
				             <efg:relation>Original title</efg:relation>
				           </efg:title>
				           <efg:thumbnail>https://i.ytimg.com/vi/CPsYuyCYTsU/sddefault.jpg</efg:thumbnail>
				           <efg:format>
				             <efg:gauge>35 mm</efg:gauge>
				             <efg:aspectRatio>4:3</efg:aspectRatio>
				             <efg:colour hasColor="false">Black &amp; White</efg:colour>
				             <efg:sound hasSound="true">With sound</efg:sound>
				           </efg:format>
				           <efg:rightsHolder URL="http://www.bnf.bg">Bulgarian National Film Archive</efg:rightsHolder>
				           <efg:rightsStatus>In Copyright - Educational Use Permitted</efg:rightsStatus>
				           <efg:duration>01:01:39</efg:duration>
				           <efg:item>
				             <efg:identifier scheme="CP_CATEGORY_ID">BNFA_item_rbs1iI918cViYBV2yLVtPQ</efg:identifier>
				             <efg:provider>Bulgarian National Film Archive</efg:provider>
				             <efg:type>Video</efg:type>
				             <efg:aggregator>BNFA Youtube Account</efg:aggregator>
				             <efg:fileFormat>video/mpg4</efg:fileFormat>
				             <efg:isShownAt>https://www.youtube.com/watch?v=CPsYuyCYTsU</efg:isShownAt>
				             <efg:isShownBy>https://www.youtube.com/watch?v=CPsYuyCYTsU</efg:isShownBy>
				           </efg:item>
				         </efg:avManifestation>
				         <efg:identifier scheme="CP_CATEGORY_ID">BNFA_avCreation_BNF010009707</efg:identifier>
				         <efg:recordSource>
				           <efg:sourceID>BNF010009707</efg:sourceID>
				           <efg:provider id="BNFA" schemeID="Institution acronym">Bulgarian National Film Archive</efg:provider>
				         </efg:recordSource>
				         <efg:countryOfReference>BG</efg:countryOfReference>
				         <efg:title lang="bg">
				           <efg:geographicScope/>
				           <efg:text>Към майката отечество</efg:text>
				           <efg:relation>Original title</efg:relation>
				         </efg:title>
				         <efg:title lang="EN">
				           <efg:geographicScope/>
				           <efg:text>To the Motherland</efg:text>
				           <efg:relation>Translated title</efg:relation>
				         </efg:title>
				         <efg:description lang="bg" type="Synopsis">Документален филм за присъединяването на Южна Добруджа към България на 21 Септември, 1940 г. //  // режисьор: Борис А. Борозанов // музика: капитан Д. Божинов // звук: Георги Парлапанов, Кирил Попов // монтаж: Кирил Попов</efg:description>
				         <efg:description lang="EN" type="Synopsis">Documentary about the reunification of the region of South Dobrudzha with Bulgaria on September 21, 1940.  //  // director: Boris A. Borozanov // music: capt. D. Bozhinov // sound: Georgi Parlapanov, Kiril Popov // editing: Kiril Popov</efg:description>
				         <efg:keywords lang="EN" type="Form">
				           <efg:term>Documentary film</efg:term>
				         </efg:keywords>
				         <efg:productionYear>1940</efg:productionYear>
				         <efg:relPerson>
				           <efg:identifier scheme="CP_CATEGORY_ID">BNFA_person_57dfeded603e39936c9e45e7c7694fcd</efg:identifier>
				           <efg:name>Borozanov, Boris</efg:name>
				           <efg:type>Director</efg:type>
				         </efg:relPerson>
				         <efg:relCollection>
				           <efg:identifier scheme="CP_CATEGORY_ID">BNFA_collection_331b3c2fd0aee7d5eaa099234f827848</efg:identifier>
				           <efg:title>Pre-Socialist Cinema</efg:title>
				           <efg:type>is part of</efg:type>
				         </efg:relCollection>
				       </efg:avcreation>
				     </efg:efgEntity>