<?xml version="1.0" encoding="UTF-8"?><efg:efgEntity xmlns:efg="http://www.europeanfilmgateway.eu/efg" xmlns:oai="http://www.openarchives.org/OAI/2.0/" xmlns:xsi="http://www.w3.org/2001/XMLSchema-instance">
				       <efg:avcreation>
				         <efg:avManifestation>
				           <efg:identifier scheme="CP_CATEGORY_ID">BNFA_avManifestation_BNF_001</efg:identifier>
				           <efg:recordSource>
				             <efg:sourceID>BNF_001</efg:sourceID>
				             <efg:provider id="BNFA" schemeID="Institution acronym">Bulgarian National Film Archive</efg:provider>
				           </efg:recordSource>
				           <efg:title lang="bg">
				             <efg:geographicScope/>
				             <efg:text>Събаряне на портата на двореца</efg:text>
				             <efg:relation>Archive title</efg:relation>
				           </efg:title>
				           <efg:thumbnail>https://i.ytimg.com/vi/fLZ7ZyYlyFk/sddefault.jpg</efg:thumbnail>
				           <efg:format>
				             <efg:gauge>35 mm</efg:gauge>
				             <efg:aspectRatio>4:3</efg:aspectRatio>
				             <efg:colour hasColor="false">Black &amp; White</efg:colour>
				             <efg:sound hasSound="false">Without sound</efg:sound>
				           </efg:format>
				           <efg:rightsHolder URL="http://www.bnf.bg">Bulgarian National Film Archive</efg:rightsHolder>
				           <efg:rightsStatus>In Copyright - Educational Use Permitted</efg:rightsStatus>
				           <efg:duration>00:04:07</efg:duration>
				           <efg:item>
				             <efg:identifier scheme="CP_CATEGORY_ID">BNFA_item_PfDknAjfkycM89uYL6ZazA</efg:identifier>
				             <efg:provider>Bulgarian National Film Archive</efg:provider>
				             <efg:type>Video</efg:type>
				             <efg:aggregator>BNFA Youtube Account</efg:aggregator>
				             <efg:fileFormat>video/mpg4</efg:fileFormat>
				             <efg:isShownAt>https://www.youtube.com/watch?v=fLZ7ZyYlyFk</efg:isShownAt>
				             <efg:isShownBy>https://www.youtube.com/watch?v=fLZ7ZyYlyFk</efg:isShownBy>
				           </efg:item>
				         </efg:avManifestation>
				         <efg:identifier scheme="CP_CATEGORY_ID">BNFA_avCreation_BNF_001</efg:identifier>
				         <efg:recordSource>
				           <efg:sourceID>BNF_001</efg:sourceID>
				           <efg:provider id="BNFA" schemeID="Institution acronym">Bulgarian National Film Archive</efg:provider>
				         </efg:recordSource>
				         <efg:countryOfReference>BG</efg:countryOfReference>
				         <efg:title lang="bg">
				           <efg:geographicScope/>
				           <efg:text>Събаряне на портата на двореца</efg:text>
				           <efg:relation>Archive title</efg:relation>
				         </efg:title>
				         <efg:title lang="EN">
				           <efg:geographicScope/>
				           <efg:text>Demolishing the gate of the palace</efg:text>
				           <efg:relation>Translated title</efg:relation>
				         </efg:title>
				         <efg:description lang="bg" type="Synopsis">Багер руши. Мъж с оксижен реже метална ограда. Хора гледат. Разрушаване на тухлен зид. Хора разчистват тухли. Багер копае, пълни камион с пръст. Работници с лопати. Премахване желязна врата с багер. Багер работи. Камиони. Разрушаване на стена. Войници режат дърво с моторен трион. Багер събаря дърво.</efg:description>
				         <efg:description lang="EN" type="Synopsis">An excavator is digging. A man with a blowtorch cuts a metal fence. People are watching. Demolition of a brick wall. People are clearing bricks. Excavator digs, fills truck with soil. Shovel workers. Remove the iron door with an excavator. The excavator is working. Trucks. Demolition of a wall. Soldiers cut wood with a chainsaw. An excavator knocks down a tree.</efg:description>
				         <efg:keywords lang="EN" type="Form">
				           <efg:term>Fragment</efg:term>
				         </efg:keywords>
				         <efg:productionYear>1946</efg:productionYear>
				         <efg:relCorporate>
				           <efg:identifier scheme="CP_CATEGORY_ID">BNFA_corporate_44ad5ee1beca01c91076e06e55f4da73</efg:identifier>
				           <efg:name>Bulgarsko Delo</efg:name>
				           <efg:type>Production company</efg:type>
				         </efg:relCorporate>
				       </efg:avcreation>
				     </efg:efgEntity>