<?xml version="1.0" encoding="UTF-8"?><efg:efgEntity xmlns:efg="http://www.europeanfilmgateway.eu/efg" xmlns:oai="http://www.openarchives.org/OAI/2.0/" xmlns:xsi="http://www.w3.org/2001/XMLSchema-instance">
				       <efg:corporate>
				         <efg:identifier scheme="CP_CATEGORY_ID">BNFA_corporate_9e0c7dc0ff83ece1049092ee0f6da36b</efg:identifier>
				         <efg:recordSource>
				           <efg:sourceID>9e0c7dc0ff83ece1049092ee0f6da36b</efg:sourceID>
				           <efg:provider id="BNFA" schemeID="Institution acronym">Bulgarian National Film Archive</efg:provider>
				         </efg:recordSource>
				         <efg:typeOfActivity>Production company</efg:typeOfActivity>
				         <efg:name type="PN">Filmova Laboratoria KENKOV-FILM, Varna</efg:name>
				       <efg:relAvCreation generated="true">
				  <efg:identifier>BNFA_avCreation_BNF010000016</efg:identifier>
				 <efg:title>Курортен сън</efg:title>
				  <efg:type>production company</efg:type>
				 </efg:relAvCreation></efg:corporate>
				     </efg:efgEntity>