<?xml version="1.0" encoding="UTF-8"?><efg:efgEntity xmlns:efg="http://www.europeanfilmgateway.eu/efg" xmlns:oai="http://www.openarchives.org/OAI/2.0/" xmlns:xsi="http://www.w3.org/2001/XMLSchema-instance">
				       <efg:corporate>
				         <efg:identifier scheme="CP_CATEGORY_ID">BNFA_corporate_f1776b6afb44cdb788507a194da322b5</efg:identifier>
				         <efg:recordSource>
				           <efg:sourceID>f1776b6afb44cdb788507a194da322b5</efg:sourceID>
				           <efg:provider id="BNFA" schemeID="Institution acronym">Bulgarian National Film Archive</efg:provider>
				         </efg:recordSource>
				         <efg:typeOfActivity>Production company</efg:typeOfActivity>
				         <efg:name type="PN">Bulgarska Kinematografia</efg:name>
				       <efg:relAvCreation generated="true">
				  <efg:identifier>BNFA_avCreation_BNF010002578</efg:identifier>
				 <efg:title>Кинопреглед 242</efg:title>
				  <efg:type>production company</efg:type>
				 </efg:relAvCreation><efg:relAvCreation generated="true">
				  <efg:identifier>BNFA_avCreation_BNF010002548</efg:identifier>
				 <efg:title>Седмичен кино преглед 211</efg:title>
				  <efg:type>production company</efg:type>
				 </efg:relAvCreation><efg:relAvCreation generated="true">
				  <efg:identifier>BNFA_avCreation_BNF010003046</efg:identifier>
				 <efg:title>Кинохроника 23</efg:title>
				  <efg:type>production company</efg:type>
				 </efg:relAvCreation></efg:corporate>
				     </efg:efgEntity>