<?xml version="1.0" encoding="UTF-8"?><efg:efgEntity xmlns:efg="http://www.europeanfilmgateway.eu/efg" xmlns:oai="http://www.openarchives.org/OAI/2.0/" xmlns:xsi="http://www.w3.org/2001/XMLSchema-instance">
				       <efg:person>
				         <efg:identifier scheme="CP_CATEGORY_ID">BNFA_person_16fd19ae42bb22f73eef6129f7537804</efg:identifier>
				         <efg:recordSource>
				           <efg:sourceID>16fd19ae42bb22f73eef6129f7537804</efg:sourceID>
				           <efg:provider id="BNFA" schemeID="Institution acronym">Bulgarian National Film Archive</efg:provider>
				         </efg:recordSource>
				         <efg:name type="PN">Spas</efg:name>
				         <efg:name type="PN">Totev</efg:name>
				         <efg:typeOfActivity>Director of photography</efg:typeOfActivity>
				         <efg:typeOfActivity>Director</efg:typeOfActivity>
				       <efg:relAvCreation generated="true">
				  <efg:identifier>BNFA_avCreation_MFN2753</efg:identifier>
				 <efg:title>ИЗБОР НА ЦАРИЦА НА ЛЪЖЕНСКИЯ ПЛАЖ</efg:title>
				  <efg:type>director of photography</efg:type>
				 </efg:relAvCreation><efg:relAvCreation generated="true">
				  <efg:identifier>BNFA_avCreation_MFN2776</efg:identifier>
				 <efg:title>ПИЙТЕ САМО ШУМЕНСКО ПИВО</efg:title>
				  <efg:type>Has directed</efg:type>
				 </efg:relAvCreation><efg:relAvCreation generated="true">
				  <efg:identifier>BNFA_avCreation_MFN2776</efg:identifier>
				 <efg:title>ПИЙТЕ САМО ШУМЕНСКО ПИВО</efg:title>
				  <efg:type>director of photography</efg:type>
				 </efg:relAvCreation></efg:person>
				     </efg:efgEntity>