<?xml version="1.0" encoding="UTF-8"?><efg:efgEntity xmlns:efg="http://www.europeanfilmgateway.eu/efg" xmlns:oai="http://www.openarchives.org/OAI/2.0/" xmlns:xsi="http://www.w3.org/2001/XMLSchema-instance">
				       <efg:person>
				         <efg:identifier scheme="CP_CATEGORY_ID">BNFA_person_feb467044eacbe765d7cea2ecd1ab460</efg:identifier>
				         <efg:recordSource>
				           <efg:sourceID>feb467044eacbe765d7cea2ecd1ab460</efg:sourceID>
				           <efg:provider id="BNFA" schemeID="Institution acronym">Bulgarian National Film Archive</efg:provider>
				         </efg:recordSource>
				         <efg:name type="PN">Vasil</efg:name>
				         <efg:name type="PN">Gendov</efg:name>
				         <efg:typeOfActivity>Director</efg:typeOfActivity>
				       <efg:relAvCreation generated="true">
				  <efg:identifier>BNFA_avCreation_BNF010000005</efg:identifier>
				 <efg:title>Любовта е лудост</efg:title>
				  <efg:type>Has directed</efg:type>
				 </efg:relAvCreation><efg:relAvCreation generated="true">
				  <efg:identifier>BNFA_avCreation_MFN6</efg:identifier>
				 <efg:title>ЛЮБОВТА Е ЛУДОСТ</efg:title>
				  <efg:type>Has directed</efg:type>
				 </efg:relAvCreation></efg:person>
				     </efg:efgEntity>