<?xml version="1.0" encoding="UTF-8"?><efg:efgEntity xmlns:efg="http://www.europeanfilmgateway.eu/efg" xmlns:oai="http://www.openarchives.org/OAI/2.0/" xmlns:xsi="http://www.w3.org/2001/XMLSchema-instance">
				       <efg:person>
				         <efg:identifier scheme="CP_CATEGORY_ID">BNFA_person_b0f2ab0a15df6a3931f407a156250b86</efg:identifier>
				         <efg:recordSource>
				           <efg:sourceID>b0f2ab0a15df6a3931f407a156250b86</efg:sourceID>
				           <efg:provider id="BNFA" schemeID="Institution acronym">Bulgarian National Film Archive</efg:provider>
				         </efg:recordSource>
				         <efg:name type="PN">Aleksandar</efg:name>
				         <efg:name type="PN">Zhekov</efg:name>
				         <efg:typeOfActivity>Director</efg:typeOfActivity>
				         <efg:typeOfActivity>Director of photography</efg:typeOfActivity>
				       <efg:relAvCreation generated="true">
				  <efg:identifier>BNFA_avCreation_MFN2716</efg:identifier>
				 <efg:title>БАЛКАНСКАТА ВОЙНА 1912-1913</efg:title>
				  <efg:type>Has directed</efg:type>
				 </efg:relAvCreation><efg:relAvCreation generated="true">
				  <efg:identifier>BNFA_avCreation_MFN2716</efg:identifier>
				 <efg:title>БАЛКАНСКАТА ВОЙНА 1912-1913</efg:title>
				  <efg:type>director of photography</efg:type>
				 </efg:relAvCreation></efg:person>
				     </efg:efgEntity>