<?xml version="1.0" encoding="UTF-8"?><efg:efgEntity xmlns:efg="http://www.europeanfilmgateway.eu/efg" xmlns:oai="http://www.openarchives.org/OAI/2.0/" xmlns:xsi="http://www.w3.org/2001/XMLSchema-instance">
				       <efg:person>
				         <efg:identifier scheme="CP_CATEGORY_ID">BNFA_person_034786e2cf32542d4b8352c7f7ead248</efg:identifier>
				         <efg:recordSource>
				           <efg:sourceID>034786e2cf32542d4b8352c7f7ead248</efg:sourceID>
				           <efg:provider id="BNFA" schemeID="Institution acronym">Bulgarian National Film Archive</efg:provider>
				         </efg:recordSource>
				         <efg:name type="PN">Dimko</efg:name>
				         <efg:name type="PN">Zahariev</efg:name>
				         <efg:typeOfActivity>Director</efg:typeOfActivity>
				       <efg:relAvCreation generated="true">
				  <efg:identifier>BNFA_avCreation_BNF010002885</efg:identifier>
				 <efg:title>Седмичен кинопреглед No 17</efg:title>
				  <efg:type>Has directed</efg:type>
				 </efg:relAvCreation></efg:person>
				     </efg:efgEntity>