<?xml version="1.0" encoding="UTF-8"?><efg:efgEntity xmlns:efg="http://www.europeanfilmgateway.eu/efg" xmlns:oai="http://www.openarchives.org/OAI/2.0/" xmlns:xsi="http://www.w3.org/2001/XMLSchema-instance">
				       <efg:person>
				         <efg:identifier scheme="CP_CATEGORY_ID">BNFA_person_06a9d9f5fe2373ba12a9be8b9f1d26dc</efg:identifier>
				         <efg:recordSource>
				           <efg:sourceID>06a9d9f5fe2373ba12a9be8b9f1d26dc</efg:sourceID>
				           <efg:provider id="BNFA" schemeID="Institution acronym">Bulgarian National Film Archive</efg:provider>
				         </efg:recordSource>
				         <efg:name type="PN">S.</efg:name>
				         <efg:name type="PN">Boyadzhiev</efg:name>
				         <efg:typeOfActivity>Director of photography</efg:typeOfActivity>
				       <efg:relAvCreation generated="true">
				  <efg:identifier>BNFA_avCreation_BNF010002768</efg:identifier>
				 <efg:title>Седмичен кинопреглед 427</efg:title>
				  <efg:type>director of photography</efg:type>
				 </efg:relAvCreation></efg:person>
				     </efg:efgEntity>