<?xml version="1.0" encoding="UTF-8"?><efg:efgEntity xmlns:efg="http://www.europeanfilmgateway.eu/efg" xmlns:oai="http://www.openarchives.org/OAI/2.0/" xmlns:xsi="http://www.w3.org/2001/XMLSchema-instance">
				       <efg:person>
				         <efg:identifier scheme="CP_CATEGORY_ID">BNFA_person_99c8fe5de6a35f8e4d07185a96026b27</efg:identifier>
				         <efg:recordSource>
				           <efg:sourceID>99c8fe5de6a35f8e4d07185a96026b27</efg:sourceID>
				           <efg:provider id="BNFA" schemeID="Institution acronym">Bulgarian National Film Archive</efg:provider>
				         </efg:recordSource>
				         <efg:name type="PN">Aleksandar</efg:name>
				         <efg:name type="PN">Deyanov</efg:name>
				         <efg:typeOfActivity>Director</efg:typeOfActivity>
				       <efg:relAvCreation generated="true">
				  <efg:identifier>BNFA_avCreation_BNF010003555</efg:identifier>
				 <efg:title>Кино преглед 48</efg:title>
				  <efg:type>Has directed</efg:type>
				 </efg:relAvCreation></efg:person>
				     </efg:efgEntity>