<?xml version="1.0" encoding="UTF-8"?><efg:efgEntity xmlns:efg="http://www.europeanfilmgateway.eu/efg" xmlns:oai="http://www.openarchives.org/OAI/2.0/" xmlns:xsi="http://www.w3.org/2001/XMLSchema-instance">
				       <efg:person>
				         <efg:identifier scheme="CP_CATEGORY_ID">BNFA_person_1ca139082be77cf69687809311d5368a</efg:identifier>
				         <efg:recordSource>
				           <efg:sourceID>1ca139082be77cf69687809311d5368a</efg:sourceID>
				           <efg:provider id="BNFA" schemeID="Institution acronym">Bulgarian National Film Archive</efg:provider>
				         </efg:recordSource>
				         <efg:name type="PN">Nikola</efg:name>
				         <efg:name type="PN">Zlatanov</efg:name>
				         <efg:typeOfActivity>Director of photography</efg:typeOfActivity>
				       <efg:relAvCreation generated="true">
				  <efg:identifier>BNFA_avCreation_BNF010003334</efg:identifier>
				 <efg:title>Кинопреглед 36</efg:title>
				  <efg:type>director of photography</efg:type>
				 </efg:relAvCreation><efg:relAvCreation generated="true">
				  <efg:identifier>BNFA_avCreation_BNF010003336</efg:identifier>
				 <efg:title>Кино преглед No 38</efg:title>
				  <efg:type>director of photography</efg:type>
				 </efg:relAvCreation></efg:person>
				     </efg:efgEntity>