<?xml version="1.0" encoding="UTF-8"?><efg:efgEntity xmlns:efg="http://www.europeanfilmgateway.eu/efg" xmlns:oai="http://www.openarchives.org/OAI/2.0/" xmlns:xsi="http://www.w3.org/2001/XMLSchema-instance">
				       <efg:person>
				         <efg:identifier scheme="CP_CATEGORY_ID">BNFA_person_7f800e712e17ea7f4f6b1a16fb15a59a</efg:identifier>
				         <efg:recordSource>
				           <efg:sourceID>7f800e712e17ea7f4f6b1a16fb15a59a</efg:sourceID>
				           <efg:provider id="BNFA" schemeID="Institution acronym">Bulgarian National Film Archive</efg:provider>
				         </efg:recordSource>
				         <efg:name type="PN">Panayot</efg:name>
				         <efg:name type="PN">Kenkov</efg:name>
				         <efg:typeOfActivity>Director</efg:typeOfActivity>
				       <efg:relAvCreation generated="true">
				  <efg:identifier>BNFA_avCreation_BNF010000016</efg:identifier>
				 <efg:title>Курортен сън</efg:title>
				  <efg:type>Has directed</efg:type>
				 </efg:relAvCreation></efg:person>
				     </efg:efgEntity>