<?xml version="1.0" encoding="UTF-8"?><efg:efgEntity xmlns:efg="http://www.europeanfilmgateway.eu/efg" xmlns:oai="http://www.openarchives.org/OAI/2.0/" xmlns:xsi="http://www.w3.org/2001/XMLSchema-instance">
				       <efg:person>
				         <efg:identifier scheme="CP_CATEGORY_ID">BNFA_person_cb25aeab94539fde0514824b966beb55</efg:identifier>
				         <efg:recordSource>
				           <efg:sourceID>cb25aeab94539fde0514824b966beb55</efg:sourceID>
				           <efg:provider id="BNFA" schemeID="Institution acronym">Bulgarian National Film Archive</efg:provider>
				         </efg:recordSource>
				         <efg:name type="PN">Tzvetan</efg:name>
				         <efg:name type="PN">Terziev</efg:name>
				         <efg:typeOfActivity>Director of photography</efg:typeOfActivity>
				       <efg:relAvCreation generated="true">
				  <efg:identifier>BNFA_avCreation_BNF010003046</efg:identifier>
				 <efg:title>Кинохроника 23</efg:title>
				  <efg:type>director of photography</efg:type>
				 </efg:relAvCreation></efg:person>
				     </efg:efgEntity>