<?xml version="1.0" encoding="UTF-8"?><efg:efgEntity xmlns:efg="http://www.europeanfilmgateway.eu/efg" xmlns:oai="http://www.openarchives.org/OAI/2.0/" xmlns:xsi="http://www.w3.org/2001/XMLSchema-instance">
				       <efg:person>
				         <efg:identifier scheme="CP_CATEGORY_ID">BNFA_person_e73e4ad4989af4e01db376b667cd3867</efg:identifier>
				         <efg:recordSource>
				           <efg:sourceID>e73e4ad4989af4e01db376b667cd3867</efg:sourceID>
				           <efg:provider id="BNFA" schemeID="Institution acronym">Bulgarian National Film Archive</efg:provider>
				         </efg:recordSource>
				         <efg:name type="PN">Iliya</efg:name>
				         <efg:name type="PN">Kitanov</efg:name>
				         <efg:typeOfActivity>Director of photography</efg:typeOfActivity>
				       <efg:relAvCreation generated="true">
				  <efg:identifier>BNFA_avCreation_BNF010002416</efg:identifier>
				 <efg:title>Кинопреглед 25</efg:title>
				  <efg:type>director of photography</efg:type>
				 </efg:relAvCreation><efg:relAvCreation generated="true">
				  <efg:identifier>BNFA_avCreation_BNF010003288</efg:identifier>
				 <efg:title>Кинопреглед No 38</efg:title>
				  <efg:type>director of photography</efg:type>
				 </efg:relAvCreation><efg:relAvCreation generated="true">
				  <efg:identifier>BNFA_avCreation_BNF010002994</efg:identifier>
				 <efg:title>Седмичен кинопреглед No 21</efg:title>
				  <efg:type>director of photography</efg:type>
				 </efg:relAvCreation><efg:relAvCreation generated="true">
				  <efg:identifier>BNFA_avCreation_BNF010003336</efg:identifier>
				 <efg:title>Кино преглед No 38</efg:title>
				  <efg:type>director of photography</efg:type>
				 </efg:relAvCreation><efg:relAvCreation generated="true">
				  <efg:identifier>BNFA_avCreation_BNF010003555</efg:identifier>
				 <efg:title>Кино преглед 48</efg:title>
				  <efg:type>director of photography</efg:type>
				 </efg:relAvCreation></efg:person>
				     </efg:efgEntity>