<?xml version="1.0" encoding="UTF-8"?><efg:efgEntity xmlns:efg="http://www.europeanfilmgateway.eu/efg" xmlns:oai="http://www.openarchives.org/OAI/2.0/" xmlns:xsi="http://www.w3.org/2001/XMLSchema-instance">
				       <efg:person>
				         <efg:identifier scheme="CP_CATEGORY_ID">BNFA_person_fe53082bb1321c85efbfcb9569f57aed</efg:identifier>
				         <efg:recordSource>
				           <efg:sourceID>fe53082bb1321c85efbfcb9569f57aed</efg:sourceID>
				           <efg:provider id="BNFA" schemeID="Institution acronym">Bulgarian National Film Archive</efg:provider>
				         </efg:recordSource>
				         <efg:name type="PN">Stoyan</efg:name>
				         <efg:name type="PN">Hristov</efg:name>
				         <efg:typeOfActivity>Director of photography</efg:typeOfActivity>
				       <efg:relAvCreation generated="true">
				  <efg:identifier>BNFA_avCreation_BNF010002372</efg:identifier>
				 <efg:title>Отечествен кино преглед 51</efg:title>
				  <efg:type>director of photography</efg:type>
				 </efg:relAvCreation><efg:relAvCreation generated="true">
				  <efg:identifier>BNFA_avCreation_BNF010002376</efg:identifier>
				 <efg:title>Отечествен кино преглед 56</efg:title>
				  <efg:type>director of photography</efg:type>
				 </efg:relAvCreation></efg:person>
				     </efg:efgEntity>