<?xml version="1.0" encoding="UTF-8"?><efg:efgEntity xmlns:efg="http://www.europeanfilmgateway.eu/efg" xmlns:oai="http://www.openarchives.org/OAI/2.0/" xmlns:xsi="http://www.w3.org/2001/XMLSchema-instance">
				       <efg:person>
				         <efg:identifier scheme="CP_CATEGORY_ID">BNFA_person_20b096df4eda667a5258d8f78e5a4fec</efg:identifier>
				         <efg:recordSource>
				           <efg:sourceID>20b096df4eda667a5258d8f78e5a4fec</efg:sourceID>
				           <efg:provider id="BNFA" schemeID="Institution acronym">Bulgarian National Film Archive</efg:provider>
				         </efg:recordSource>
				         <efg:name type="PN">Aleksandar</efg:name>
				         <efg:name type="PN">Valchev</efg:name>
				         <efg:typeOfActivity>Director of photography</efg:typeOfActivity>
				       <efg:relAvCreation generated="true">
				  <efg:identifier>BNFA_avCreation_BNF010000694</efg:identifier>
				 <efg:title>Отечественъ прегледъ 8</efg:title>
				  <efg:type>director of photography</efg:type>
				 </efg:relAvCreation><efg:relAvCreation generated="true">
				  <efg:identifier>BNFA_avCreation_BNF010002508</efg:identifier>
				 <efg:title>Седмичен кино преглед 173</efg:title>
				  <efg:type>director of photography</efg:type>
				 </efg:relAvCreation><efg:relAvCreation generated="true">
				  <efg:identifier>BNFA_avCreation_BNF010002374</efg:identifier>
				 <efg:title>Отечествен кино преглед 54</efg:title>
				  <efg:type>director of photography</efg:type>
				 </efg:relAvCreation><efg:relAvCreation generated="true">
				  <efg:identifier>BNFA_avCreation_BNF010002378</efg:identifier>
				 <efg:title>Отечествен кино преглед 58</efg:title>
				  <efg:type>director of photography</efg:type>
				 </efg:relAvCreation><efg:relAvCreation generated="true">
				  <efg:identifier>BNFA_avCreation_BNF010002386</efg:identifier>
				 <efg:title>Отечествен кинопреглед 65</efg:title>
				  <efg:type>director of photography</efg:type>
				 </efg:relAvCreation><efg:relAvCreation generated="true">
				  <efg:identifier>BNFA_avCreation_BNF010002376</efg:identifier>
				 <efg:title>Отечествен кино преглед 56</efg:title>
				  <efg:type>director of photography</efg:type>
				 </efg:relAvCreation><efg:relAvCreation generated="true">
				  <efg:identifier>BNFA_avCreation_BNF010002412</efg:identifier>
				 <efg:title>Преглед 91</efg:title>
				  <efg:type>director of photography</efg:type>
				 </efg:relAvCreation><efg:relAvCreation generated="true">
				  <efg:identifier>BNFA_avCreation_BNF010002444</efg:identifier>
				 <efg:title>Седмичен кино преглед 120</efg:title>
				  <efg:type>director of photography</efg:type>
				 </efg:relAvCreation><efg:relAvCreation generated="true">
				  <efg:identifier>BNFA_avCreation_BNF010002494</efg:identifier>
				 <efg:title>Седмичен кино преглед 159</efg:title>
				  <efg:type>director of photography</efg:type>
				 </efg:relAvCreation><efg:relAvCreation generated="true">
				  <efg:identifier>BNFA_avCreation_BNF010002503</efg:identifier>
				 <efg:title>Седмичен кино преглед 168</efg:title>
				  <efg:type>director of photography</efg:type>
				 </efg:relAvCreation><efg:relAvCreation generated="true">
				  <efg:identifier>BNFA_avCreation_BNF010002504</efg:identifier>
				 <efg:title>Седмичен кино преглед 169</efg:title>
				  <efg:type>director of photography</efg:type>
				 </efg:relAvCreation><efg:relAvCreation generated="true">
				  <efg:identifier>BNFA_avCreation_BNF010002548</efg:identifier>
				 <efg:title>Седмичен кино преглед 211</efg:title>
				  <efg:type>director of photography</efg:type>
				 </efg:relAvCreation></efg:person>
				     </efg:efgEntity>