<?xml version="1.0" encoding="UTF-8"?><efg:efgEntity xmlns:efg="http://www.europeanfilmgateway.eu/efg" xmlns:oai="http://www.openarchives.org/OAI/2.0/" xmlns:xsi="http://www.w3.org/2001/XMLSchema-instance">
				       <efg:avcreation>
				         <efg:avManifestation>
				           <efg:identifier scheme="CP_CATEGORY_ID">BNFA_avManifestation_9032</efg:identifier>
				           <efg:recordSource>
				             <efg:sourceID>9032</efg:sourceID>
				             <efg:provider id="BNFA" schemeID="Institution acronym">Bulgarian National Film Archive</efg:provider>
				           </efg:recordSource>
				           <efg:title lang="bg">
				             <efg:geographicScope/>
				             <efg:text>ПРЕГЛЕДЪ 139</efg:text>
				             <efg:relation>Original title</efg:relation>
				           </efg:title>
				           <efg:thumbnail>https://www.dropbox.com/s/3oqwf2sjjhu48vi/BNFA_9032.jpg?raw=1</efg:thumbnail>
				           <efg:language usage="Audio">bg</efg:language>
				           <efg:format>
				             <efg:gauge>35 mm</efg:gauge>
				             <efg:colour hasColor="false">Black &amp; White</efg:colour>
				             <efg:sound hasSound="true">With sound</efg:sound>
				           </efg:format>
				           <efg:rightsHolder URL="http://www.bnf.bg">Bulgarian National Film Archive</efg:rightsHolder>
				           <efg:rightsStatus>In Copyright - Educational Use Permitted</efg:rightsStatus>
				           <efg:duration>00:06:10</efg:duration>
				           <efg:item>
				             <efg:identifier scheme="CP_CATEGORY_ID">BNFA_item_ejvWlBMk71HIACHAU-1qRg</efg:identifier>
				             <efg:provider>Bulgarian National Film Archive</efg:provider>
				             <efg:type>Video</efg:type>
				             <efg:aggregator>EFG vimeo account</efg:aggregator>
				             <efg:fileFormat>video/mpg4</efg:fileFormat>
				             <efg:isShownBy>https://vimeo.com/480833366</efg:isShownBy>
				           </efg:item>
				         </efg:avManifestation>
				         <efg:identifier scheme="CP_CATEGORY_ID">BNFA_avCreation_9032</efg:identifier>
				         <efg:recordSource>
				           <efg:sourceID>9032</efg:sourceID>
				           <efg:provider id="BNFA" schemeID="Institution acronym">Bulgarian National Film Archive</efg:provider>
				         </efg:recordSource>
				         <efg:countryOfReference>BG</efg:countryOfReference>
				         <efg:title lang="bg">
				           <efg:geographicScope/>
				           <efg:text>ПРЕГЛЕДЪ 139</efg:text>
				           <efg:relation>Original title</efg:relation>
				         </efg:title>
				         <efg:title lang="EN">
				           <efg:geographicScope/>
				           <efg:text>NEWSREEL 139</efg:text>
				           <efg:relation>Translated title</efg:relation>
				         </efg:title>
				         <efg:description lang="bg" type="Intertitles">I. Село Телиш - изгледи.  // II. Животновъдство в България. Пасища - стада крави, овце. Стригане на овце.  // III. Честване 2 юни - денят на Христо Ботев на връх Околчица. Молебен. Полагане венци пред паметника. Церемониален марш. Пред паметника на Христо Ботев в град Враца. Тържество. Полагане венци.</efg:description>
				         <efg:description lang="EN" type="Intertitles">I. Panoramas of the village of Telish.   // II. Livestock breeding in Bulgaria. Cows and sheep on the fields. shearing of wool.  // III. Celebrating 2nd June - the Hristo Botev holiday at the mount of Okolchitsa. Ceremonial marches. The monument of Hristo Botev at Vratsa.</efg:description>
				         <efg:keywords lang="bg" type="Subject">
				           <efg:term>общественополитически събития</efg:term>
				         </efg:keywords>
				         <efg:keywords lang="bg" type="Subject">
				           <efg:term>селско стопанство</efg:term>
				         </efg:keywords>
				         <efg:keywords lang="bg" type="Subject">
				           <efg:term>спорт</efg:term>
				         </efg:keywords>
				         <efg:keywords lang="bg" type="Subject">
				           <efg:term>култура</efg:term>
				         </efg:keywords>
				         <efg:keywords lang="bg" type="Subject">
				           <efg:term>транспорт</efg:term>
				         </efg:keywords>
				         <efg:keywords lang="EN" type="Subject">
				           <efg:term>agronomy</efg:term>
				         </efg:keywords>
				         <efg:keywords lang="EN" type="Subject">
				           <efg:term>social and political events</efg:term>
				         </efg:keywords>
				         <efg:keywords lang="EN" type="Subject">
				           <efg:term>sport</efg:term>
				         </efg:keywords>
				         <efg:keywords lang="EN" type="Subject">
				           <efg:term>culture</efg:term>
				         </efg:keywords>
				         <efg:keywords lang="EN" type="Subject">
				           <efg:term>transport</efg:term>
				         </efg:keywords>
				         <efg:keywords lang="EN" type="Form">
				           <efg:term>Newsreel</efg:term>
				         </efg:keywords>
				         <efg:productionYear>1944</efg:productionYear>
				         <efg:relCorporate>
				           <efg:identifier scheme="CP_CATEGORY_ID">BNFA_corporate_44ad5ee1beca01c91076e06e55f4da73</efg:identifier>
				           <efg:name>Bulgarsko Delo</efg:name>
				           <efg:type>Production company</efg:type>
				         </efg:relCorporate>
				         <efg:relCollection>
				           <efg:identifier scheme="CP_CATEGORY_ID">BNFA_collection_a8edab4f0bf4a1af230d3d865fa4dc59</efg:identifier>
				           <efg:title>Pre-Socialist Newsreels</efg:title>
				           <efg:type>is part of</efg:type>
				         </efg:relCollection>
				       </efg:avcreation>
				     </efg:efgEntity>