<?xml version="1.0" encoding="UTF-8"?><efg:efgEntity xmlns:efg="http://www.europeanfilmgateway.eu/efg" xmlns:oai="http://www.openarchives.org/OAI/2.0/" xmlns:xsi="http://www.w3.org/2001/XMLSchema-instance">
				       <efg:avcreation>
				         <efg:avManifestation>
				           <efg:identifier scheme="CP_CATEGORY_ID">BNFA_avManifestation_BNF010000722</efg:identifier>
				           <efg:recordSource>
				             <efg:sourceID>BNF010000722</efg:sourceID>
				             <efg:provider id="BNFA" schemeID="Institution acronym">Bulgarian National Film Archive</efg:provider>
				           </efg:recordSource>
				           <efg:title lang="bg">
				             <efg:geographicScope/>
				             <efg:text>Кинопреглед 28</efg:text>
				             <efg:relation>Original title</efg:relation>
				           </efg:title>
				           <efg:thumbnail>https://i.ytimg.com/vi/gqo6vANmWzA/sddefault.jpg</efg:thumbnail>
				           <efg:format>
				             <efg:gauge>35 mm</efg:gauge>
				             <efg:aspectRatio>4:3</efg:aspectRatio>
				             <efg:colour hasColor="false">Black &amp; White</efg:colour>
				             <efg:sound hasSound="true">With sound</efg:sound>
				           </efg:format>
				           <efg:dimension unit="m">326</efg:dimension>
				           <efg:rightsHolder URL="http://www.bnf.bg">Bulgarian National Film Archive</efg:rightsHolder>
				           <efg:rightsStatus>In Copyright - Educational Use Permitted</efg:rightsStatus>
				           <efg:duration>00:11:27</efg:duration>
				           <efg:item>
				             <efg:identifier scheme="CP_CATEGORY_ID">BNFA_item_DVhexXfpMj3YOrtglNN-yw</efg:identifier>
				             <efg:provider>Bulgarian National Film Archive</efg:provider>
				             <efg:type>Video</efg:type>
				             <efg:aggregator>BNFA Youtube Account</efg:aggregator>
				             <efg:fileFormat>video/mpg4</efg:fileFormat>
				             <efg:isShownAt>https://www.youtube.com/watch?v=gqo6vANmWzA</efg:isShownAt>
				             <efg:isShownBy>https://www.youtube.com/watch?v=gqo6vANmWzA</efg:isShownBy>
				           </efg:item>
				         </efg:avManifestation>
				         <efg:identifier scheme="CP_CATEGORY_ID">BNFA_avCreation_BNF010000722</efg:identifier>
				         <efg:recordSource>
				           <efg:sourceID>BNF010000722</efg:sourceID>
				           <efg:provider id="BNFA" schemeID="Institution acronym">Bulgarian National Film Archive</efg:provider>
				         </efg:recordSource>
				         <efg:countryOfReference>BG</efg:countryOfReference>
				         <efg:title lang="bg">
				           <efg:geographicScope/>
				           <efg:text>Кинопреглед 28</efg:text>
				           <efg:relation>Original title</efg:relation>
				         </efg:title>
				         <efg:title lang="EN">
				           <efg:geographicScope/>
				           <efg:text>Newsreel 28</efg:text>
				           <efg:relation>Translated title</efg:relation>
				         </efg:title>
				         <efg:description lang="bg" type="Synopsis">I. Витоша. Край хижа "Алеко". Панорама на планината. Хижата, борове в сняг. Скиори вървят по пътека към хижата. Военен бие камбана. Участници излизат от хижата. Военни ски състезания на Първа армейска област. Старт на дълго бягане на 15 км. Състезатели по трасето. Финишират първите състезатели. Съдиите. Състезатели се изкачват по склон. Дисциплината слалом - скиори се спускат през вратички. Състезатели на финала. Дисциплината биатлон. Участниците по трасето. Изкачват склон, спускат се , стрелят по мишени, към финала. Дисциплината спускане - състезатели се изкачват към Черни връх. Метеорологичната наблюдателница на върха. Скиори по трасето от Черни връх до хижа "Алеко". Състезатели на финала. Хора наблюдават.</efg:description>
				         <efg:description lang="EN" type="Synopsis">I. Vitosha. Near the cabin "Aleko". Panorama of the mountain. The hut, pines in the snow. Skiers walk along the path to the hut. A soldier rings the bell. Military ski competitions of the First Army District. Participants leave the hut. Start of a long run of 15 km. Racers on the track. The first competitors finish. The judges. Competitors climb the slope. The slalom discipline - skiers descend through gates. Competitors in the final. The discipline of biathlon. The participants along the route. They climb a slope, descend, shoot at targets, towards the finish. The discipline of descent - athletes climb to Cherni Vrah. The meteorological observatory at the top. Skiers on the route from Cherni Vrah to Aleko hut. Competitors in the final. People are watching.</efg:description>
				         <efg:keywords lang="bg" type="Subject">
				           <efg:term>спорт</efg:term>
				         </efg:keywords>
				         <efg:keywords lang="EN" type="Subject">
				           <efg:term>sport</efg:term>
				         </efg:keywords>
				         <efg:keywords lang="EN" type="Form">
				           <efg:term>Newsreel</efg:term>
				         </efg:keywords>
				         <efg:productionYear>1945</efg:productionYear>
				         <efg:relPerson>
				           <efg:identifier scheme="CP_CATEGORY_ID">BNFA_person_91310a9f80b0b5ebbc6c75dd590a2f32</efg:identifier>
				           <efg:name>Zhandov, Zahari</efg:name>
				           <efg:type>Director of photography</efg:type>
				         </efg:relPerson>
				         <efg:relCorporate>
				           <efg:identifier scheme="CP_CATEGORY_ID">BNFA_corporate_44ad5ee1beca01c91076e06e55f4da73</efg:identifier>
				           <efg:name>Bulgarsko Delo</efg:name>
				           <efg:type>Production company</efg:type>
				         </efg:relCorporate>
				         <efg:relCollection>
				           <efg:identifier scheme="CP_CATEGORY_ID">BNFA_collection_a8edab4f0bf4a1af230d3d865fa4dc59</efg:identifier>
				           <efg:title>Pre-Socialist Newsreels</efg:title>
				           <efg:type>is part of</efg:type>
				         </efg:relCollection>
				       </efg:avcreation>
				     </efg:efgEntity>