<?xml version="1.0" encoding="UTF-8"?><efg:efgEntity xmlns:efg="http://www.europeanfilmgateway.eu/efg" xmlns:oai="http://www.openarchives.org/OAI/2.0/" xmlns:xsi="http://www.w3.org/2001/XMLSchema-instance">
				       <efg:avcreation>
				         <efg:avManifestation>
				           <efg:identifier scheme="CP_CATEGORY_ID">BNFA_avManifestation_20663</efg:identifier>
				           <efg:recordSource>
				             <efg:sourceID>20663</efg:sourceID>
				             <efg:provider id="BNFA" schemeID="Institution acronym">Bulgarian National Film Archive</efg:provider>
				           </efg:recordSource>
				           <efg:title lang="bg">
				             <efg:geographicScope/>
				             <efg:text>ПРЕГЛЕДЪ 147</efg:text>
				             <efg:relation>Original title</efg:relation>
				           </efg:title>
				           <efg:thumbnail>https://www.dropbox.com/s/bez98ua87ypwgt6/BNFA_20663.jpg?raw=1</efg:thumbnail>
				           <efg:language usage="Audio">bg</efg:language>
				           <efg:format>
				             <efg:gauge>35 mm</efg:gauge>
				             <efg:colour hasColor="false">Black &amp; White</efg:colour>
				             <efg:sound hasSound="true">With sound</efg:sound>
				           </efg:format>
				           <efg:rightsHolder URL="http://www.bnf.bg">Bulgarian National Film Archive</efg:rightsHolder>
				           <efg:rightsStatus>In Copyright - Educational Use Permitted</efg:rightsStatus>
				           <efg:duration>00:08:51</efg:duration>
				           <efg:item>
				             <efg:identifier scheme="CP_CATEGORY_ID">BNFA_item_F-rDU7Fb4ornUSRWnVnrgg</efg:identifier>
				             <efg:provider>Bulgarian National Film Archive</efg:provider>
				             <efg:type>Video</efg:type>
				             <efg:aggregator>EFG vimeo account</efg:aggregator>
				             <efg:fileFormat>video/mpg4</efg:fileFormat>
				             <efg:isShownBy>https://vimeo.com/480835950</efg:isShownBy>
				           </efg:item>
				         </efg:avManifestation>
				         <efg:identifier scheme="CP_CATEGORY_ID">BNFA_avCreation_20663</efg:identifier>
				         <efg:recordSource>
				           <efg:sourceID>20663</efg:sourceID>
				           <efg:provider id="BNFA" schemeID="Institution acronym">Bulgarian National Film Archive</efg:provider>
				         </efg:recordSource>
				         <efg:countryOfReference>BG</efg:countryOfReference>
				         <efg:title lang="bg">
				           <efg:geographicScope/>
				           <efg:text>ПРЕГЛЕДЪ 147</efg:text>
				           <efg:relation>Original title</efg:relation>
				         </efg:title>
				         <efg:title lang="EN">
				           <efg:geographicScope/>
				           <efg:text>NEWSREEL 147</efg:text>
				           <efg:relation>Translated title</efg:relation>
				         </efg:title>
				         <efg:description lang="bg" type="Intertitles">"I. Град Пловдив - обществени сгради. Хълмът на освободителите, градската градина, черквата ""Света Богородица"", девическата гимназия, къщата на Ламартин, река Марица.  // II. Стар народен обичай в края на жътвата в Панагюрско.  // III. Детски санаториум ""Цар Борис III"" край град Трявна. Из ежедневието - ставане от сън, миене, закуска, разходка."</efg:description>
				         <efg:description lang="EN" type="Intertitles">"I. Plovdiv - social buildings, the city park, the church ""Sveta Bogoroditsa"", Maritza river etc.  // II. An old traditional ritual at the end of the wheat harvest in the Panagyurishte region.   // III. The everyday life at the children`s hospital ""Tzar Boris"" in Tryavna."</efg:description>
				         <efg:keywords lang="bg" type="Subject">
				           <efg:term>култура</efg:term>
				         </efg:keywords>
				         <efg:keywords lang="bg" type="Subject">
				           <efg:term>фолклор</efg:term>
				         </efg:keywords>
				         <efg:keywords lang="bg" type="Subject">
				           <efg:term>здравеопазване</efg:term>
				         </efg:keywords>
				         <efg:keywords lang="EN" type="Subject">
				           <efg:term>culture</efg:term>
				         </efg:keywords>
				         <efg:keywords lang="EN" type="Subject">
				           <efg:term>folklore</efg:term>
				         </efg:keywords>
				         <efg:keywords lang="EN" type="Subject">
				           <efg:term>healthcare</efg:term>
				         </efg:keywords>
				         <efg:keywords lang="EN" type="Form">
				           <efg:term>Newsreel</efg:term>
				         </efg:keywords>
				         <efg:productionYear>1944</efg:productionYear>
				         <efg:relCorporate>
				           <efg:identifier scheme="CP_CATEGORY_ID">BNFA_corporate_44ad5ee1beca01c91076e06e55f4da73</efg:identifier>
				           <efg:name>Bulgarsko Delo</efg:name>
				           <efg:type>Production company</efg:type>
				         </efg:relCorporate>
				         <efg:relCollection>
				           <efg:identifier scheme="CP_CATEGORY_ID">BNFA_collection_a8edab4f0bf4a1af230d3d865fa4dc59</efg:identifier>
				           <efg:title>Pre-Socialist Newsreels</efg:title>
				           <efg:type>is part of</efg:type>
				         </efg:relCollection>
				       </efg:avcreation>
				     </efg:efgEntity>