<?xml version="1.0" encoding="UTF-8"?><efg:efgEntity xmlns:efg="http://www.europeanfilmgateway.eu/efg" xmlns:oai="http://www.openarchives.org/OAI/2.0/" xmlns:xsi="http://www.w3.org/2001/XMLSchema-instance">
				       <efg:avcreation>
				         <efg:avManifestation>
				           <efg:identifier scheme="CP_CATEGORY_ID">BNFA_avManifestation_21527</efg:identifier>
				           <efg:recordSource>
				             <efg:sourceID>21527</efg:sourceID>
				             <efg:provider id="BNFA" schemeID="Institution acronym">Bulgarian National Film Archive</efg:provider>
				           </efg:recordSource>
				           <efg:title lang="bg">
				             <efg:geographicScope/>
				             <efg:text>ПРЕГЛЕДЪ 45</efg:text>
				             <efg:relation>Original title</efg:relation>
				           </efg:title>
				           <efg:thumbnail>https://www.dropbox.com/s/bp25e9jrprw3hg3/BNFA_21527.jpg?raw=1</efg:thumbnail>
				           <efg:language usage="Audio">bg</efg:language>
				           <efg:format>
				             <efg:gauge>35 mm</efg:gauge>
				             <efg:colour hasColor="false">Black &amp; White</efg:colour>
				             <efg:sound hasSound="true">With sound</efg:sound>
				           </efg:format>
				           <efg:rightsHolder URL="http://www.bnf.bg">Bulgarian National Film Archive</efg:rightsHolder>
				           <efg:rightsStatus>In Copyright - Educational Use Permitted</efg:rightsStatus>
				           <efg:duration>00:07:59</efg:duration>
				           <efg:item>
				             <efg:identifier scheme="CP_CATEGORY_ID">BNFA_item_bLHRv8usQCqXMws+lbcPjQ</efg:identifier>
				             <efg:provider>Bulgarian National Film Archive</efg:provider>
				             <efg:type>Video</efg:type>
				             <efg:aggregator>EFG vimeo account</efg:aggregator>
				             <efg:fileFormat>video/mpg4</efg:fileFormat>
				             <efg:isShownBy>https://vimeo.com/480594105</efg:isShownBy>
				           </efg:item>
				         </efg:avManifestation>
				         <efg:identifier scheme="CP_CATEGORY_ID">BNFA_avCreation_21527</efg:identifier>
				         <efg:recordSource>
				           <efg:sourceID>21527</efg:sourceID>
				           <efg:provider id="BNFA" schemeID="Institution acronym">Bulgarian National Film Archive</efg:provider>
				         </efg:recordSource>
				         <efg:countryOfReference>BG</efg:countryOfReference>
				         <efg:title lang="bg">
				           <efg:geographicScope/>
				           <efg:text>ПРЕГЛЕДЪ 45</efg:text>
				           <efg:relation>Original title</efg:relation>
				         </efg:title>
				         <efg:title lang="EN">
				           <efg:geographicScope/>
				           <efg:text>NEWSREEL 45</efg:text>
				           <efg:relation>Translated title</efg:relation>
				         </efg:title>
				         <efg:description lang="bg" type="Intertitles">"I. София. Стадион ""Юнак"". Старт на ученическо състезание по бягане.  // II. Храм - паметник ""Ал. Невски"" - изглед. След молебен по случай рождения ден на Цар Борис III от храма излизат Богдан Филов, министрите, дипломати, общественици и граждани.  // III. Стадион. Ръководителят на организация ""Бранник"" говори.  // IV. Летище София. Италианският пълномощен министър граф Масимо Маджистрати, Богдан Филов, чужди военни аташета, политици посрещат италианския министър на търговията и стопанството Рикарди. О.п. на град Пловдив: тепета, къщи. Граждани приветстват вървящия по улица Рикарди"</efg:description>
				         <efg:description lang="EN" type="Intertitles">"I. Sofia. Yunak Stadium. A student running competition starts. // II. ""Alexander Nevsky"" Cathedral - view. After a prayer on the occasion of the birthday of Tsar Boris III, Bogdan Filov, ministers, diplomats, public figures and citizens leave the church. // III. Stadium. The head of the ""Brannik"" organization speaks. // IV. Sofia airport. The Minister Plenipotentiary Count Massimo Magistrati, Bogdan Filov, foreign military attachés, politicians welcome Minister Riccardi of Italy. View of Plovdiv: hills, houses. Citizens greet Riccardi while walking down the street. "</efg:description>
				         <efg:keywords lang="bg" type="Subject">
				           <efg:term>спорт</efg:term>
				         </efg:keywords>
				         <efg:keywords lang="bg" type="Subject">
				           <efg:term>общественополитически събития</efg:term>
				         </efg:keywords>
				         <efg:keywords lang="EN" type="Subject">
				           <efg:term>sport</efg:term>
				         </efg:keywords>
				         <efg:keywords lang="EN" type="Subject">
				           <efg:term>social and political events</efg:term>
				         </efg:keywords>
				         <efg:keywords lang="EN" type="Form">
				           <efg:term>Newsreel</efg:term>
				         </efg:keywords>
				         <efg:productionYear>1942</efg:productionYear>
				         <efg:relCorporate>
				           <efg:identifier scheme="CP_CATEGORY_ID">BNFA_corporate_44ad5ee1beca01c91076e06e55f4da73</efg:identifier>
				           <efg:name>Bulgarsko Delo</efg:name>
				           <efg:type>Production company</efg:type>
				         </efg:relCorporate>
				         <efg:relCollection>
				           <efg:identifier scheme="CP_CATEGORY_ID">BNFA_collection_a8edab4f0bf4a1af230d3d865fa4dc59</efg:identifier>
				           <efg:title>Pre-Socialist Newsreels</efg:title>
				           <efg:type>is part of</efg:type>
				         </efg:relCollection>
				       </efg:avcreation>
				     </efg:efgEntity>