<?xml version="1.0" encoding="UTF-8"?><efg:efgEntity xmlns:efg="http://www.europeanfilmgateway.eu/efg" xmlns:oai="http://www.openarchives.org/OAI/2.0/" xmlns:xsi="http://www.w3.org/2001/XMLSchema-instance">
				       <efg:collection>
				         <efg:identifier scheme="CP_CATEGORY_ID">BNFA_collection_331b3c2fd0aee7d5eaa099234f827848</efg:identifier>
				         <efg:recordSource>
				           <efg:sourceID>331b3c2fd0aee7d5eaa099234f827848</efg:sourceID>
				           <efg:provider id="BNFA" schemeID="Institution acronym">Bulgarian National Film Archive</efg:provider>
				         </efg:recordSource>
				         <efg:title lang="n/a">
				           <efg:text>Pre-Socialist Cinema</efg:text>
				         </efg:title>
				         <efg:type>archival collection</efg:type>
				       <efg:relAvCreation generated="true">
				  <efg:identifier>BNFA_avCreation_MFN2747</efg:identifier>
				 <efg:title>О, ДОБРУДЖАНСКИ КРАЙ</efg:title>
				  <efg:type>Has part</efg:type>
				 </efg:relAvCreation><efg:relAvCreation generated="true">
				  <efg:identifier>BNFA_avCreation_MFN2776</efg:identifier>
				 <efg:title>ПИЙТЕ САМО ШУМЕНСКО ПИВО</efg:title>
				  <efg:type>Has part</efg:type>
				 </efg:relAvCreation><efg:relAvCreation generated="true">
				  <efg:identifier>BNFA_avCreation_MFN2779</efg:identifier>
				 <efg:title>ПОЖАРНА КОМАНДА 1938г.</efg:title>
				  <efg:type>Has part</efg:type>
				 </efg:relAvCreation><efg:relAvCreation generated="true">
				  <efg:identifier>BNFA_avCreation_MFN6</efg:identifier>
				 <efg:title>ЛЮБОВТА Е ЛУДОСТ</efg:title>
				  <efg:type>Has part</efg:type>
				 </efg:relAvCreation><efg:relAvCreation generated="true">
				  <efg:identifier>BNFA_avCreation_MFN2753</efg:identifier>
				 <efg:title>ИЗБОР НА ЦАРИЦА НА ЛЪЖЕНСКИЯ ПЛАЖ</efg:title>
				  <efg:type>Has part</efg:type>
				 </efg:relAvCreation></efg:collection>
				     </efg:efgEntity>