<?xml version="1.0" encoding="UTF-8"?><efg:efgEntity xmlns:efg="http://www.europeanfilmgateway.eu/efg" xmlns:oai="http://www.openarchives.org/OAI/2.0/" xmlns:xsi="http://www.w3.org/2001/XMLSchema-instance">
				       <efg:avcreation>
				         <efg:avManifestation>
				           <efg:identifier scheme="CP_CATEGORY_ID">BNFA_avManifestation_BNF010002444</efg:identifier>
				           <efg:recordSource>
				             <efg:sourceID>BNF010002444</efg:sourceID>
				             <efg:provider id="BNFA" schemeID="Institution acronym">Bulgarian National Film Archive</efg:provider>
				           </efg:recordSource>
				           <efg:title lang="bg">
				             <efg:geographicScope/>
				             <efg:text>Седмичен кино преглед 120</efg:text>
				             <efg:relation>Original title</efg:relation>
				           </efg:title>
				           <efg:thumbnail>https://i.ytimg.com/vi/blP5OVbrwnI/sddefault.jpg</efg:thumbnail>
				           <efg:format>
				             <efg:gauge>35 mm</efg:gauge>
				             <efg:aspectRatio>4:3</efg:aspectRatio>
				             <efg:colour hasColor="false">Black &amp; White</efg:colour>
				             <efg:sound hasSound="true">With sound</efg:sound>
				           </efg:format>
				           <efg:dimension unit="m">266</efg:dimension>
				           <efg:rightsHolder URL="http://www.bnf.bg">Bulgarian National Film Archive</efg:rightsHolder>
				           <efg:rightsStatus>In Copyright - Educational Use Permitted</efg:rightsStatus>
				           <efg:duration>00:09:21</efg:duration>
				           <efg:item>
				             <efg:identifier scheme="CP_CATEGORY_ID">BNFA_item_WV2SzNl9UERVECRn38cWwQ</efg:identifier>
				             <efg:provider>Bulgarian National Film Archive</efg:provider>
				             <efg:type>Video</efg:type>
				             <efg:aggregator>BNFA Youtube Account</efg:aggregator>
				             <efg:fileFormat>video/mpg4</efg:fileFormat>
				             <efg:isShownAt>https://www.youtube.com/watch?v=blP5OVbrwnI</efg:isShownAt>
				             <efg:isShownBy>https://www.youtube.com/watch?v=blP5OVbrwnI</efg:isShownBy>
				           </efg:item>
				         </efg:avManifestation>
				         <efg:identifier scheme="CP_CATEGORY_ID">BNFA_avCreation_BNF010002444</efg:identifier>
				         <efg:recordSource>
				           <efg:sourceID>BNF010002444</efg:sourceID>
				           <efg:provider id="BNFA" schemeID="Institution acronym">Bulgarian National Film Archive</efg:provider>
				         </efg:recordSource>
				         <efg:countryOfReference>BG</efg:countryOfReference>
				         <efg:title lang="bg">
				           <efg:geographicScope/>
				           <efg:text>Седмичен кино преглед 120</efg:text>
				           <efg:relation>Original title</efg:relation>
				         </efg:title>
				         <efg:title lang="EN">
				           <efg:geographicScope/>
				           <efg:text>Weekly Newsreel 120</efg:text>
				           <efg:relation>Translated title</efg:relation>
				         </efg:title>
				         <efg:description lang="bg" type="Synopsis">I. СССР. На Колския полуостров самолети пренасят пощата и медикаменти. Отглеждане на зърнени култури, зеленчуци и плодове. Лов на риба в устието на река Дон. Производство на сол от езерото Баскунчак. Москва - строеж на четвъртия пръстен на метро при Курската гара.  // II. Откриване на първата общовойскова поликлиника. Присъстват: Рачо Ангелов, Георги Дамянов, Иван Кинов. Работа в отделенията на поликлиниката.  // III. Васил Коларов връчва ордени на културните дейци: Димитър Полянов, Людмил Стоянов, Димитър Василев, Николай Хрелков, П. Велков, Мария Грубешлиева, Райнов, Георги Попов, Илия Бешков, Стоян Бъчваров, Р. Дамянов. Людмил Стоянов благодари от името на наградените.  // IV. Новогодишни празници. Купуване елхи и подаръци за Нова година. Коледари. Пионерска елха. Здравко Митовски раздава подаръци. Роза Димитрова раздава подаръци в един детски дом.</efg:description>
				         <efg:description lang="EN" type="Synopsis">I. USSR. On the Kola Peninsula, planes carry mail and medicine. Growing cereals, vegetables and fruits. Fishing at the mouth of the Don River. Salt production from Lake Baskunchak. Moscow - construction of the fourth ring of the metro at Kursk railway station. // II. Opening of the first general field polyclinic. Present: Racho Angelov, Georgi Damyanov, Ivan Kinov. Work in the departments of the polyclinic. // III. Vasil Kolarov gives medalс to cultural figures: Dimitar Polyanov, Lyudmil Stoyanov, Dimitar Vassilev, Nikolay Hrelkov, P. Velkov, Maria Grubeshlieva, Raynov, Georgi Popov, Iliya Beshkov, Stoyan Bachvarov, R. Damyanov. Lyudmil Stoyanov gives thans on behalf of the awardees. // IV. New Year holidays. Buying Christmas trees and gifts for the New Year. Koledars (carolers). Pioneer Christmas tree. Zdravko Mitovski distributes gifts. Roza Dimitrova distributes gifts in an orphanage.</efg:description>
				         <efg:keywords lang="bg" type="Subject">
				           <efg:term>селско стопанство</efg:term>
				         </efg:keywords>
				         <efg:keywords lang="bg" type="Subject">
				           <efg:term>строителство</efg:term>
				         </efg:keywords>
				         <efg:keywords lang="bg" type="Subject">
				           <efg:term>здравеопазване</efg:term>
				         </efg:keywords>
				         <efg:keywords lang="bg" type="Subject">
				           <efg:term>култура</efg:term>
				         </efg:keywords>
				         <efg:keywords lang="EN" type="Subject">
				           <efg:term>agriculture</efg:term>
				         </efg:keywords>
				         <efg:keywords lang="EN" type="Subject">
				           <efg:term>construction</efg:term>
				         </efg:keywords>
				         <efg:keywords lang="EN" type="Subject">
				           <efg:term>healthcare</efg:term>
				         </efg:keywords>
				         <efg:keywords lang="EN" type="Subject">
				           <efg:term>culture</efg:term>
				         </efg:keywords>
				         <efg:keywords lang="EN" type="Form">
				           <efg:term>Newsreel</efg:term>
				         </efg:keywords>
				         <efg:productionYear>1947</efg:productionYear>
				         <efg:relPerson>
				           <efg:identifier scheme="CP_CATEGORY_ID">BNFA_person_ec7aa6d7dd3f1c119264b1668fc6a864</efg:identifier>
				           <efg:name>Chobanov, Asen</efg:name>
				           <efg:type>Director of photography</efg:type>
				         </efg:relPerson>
				         <efg:relPerson>
				           <efg:identifier scheme="CP_CATEGORY_ID">BNFA_person_70fc3a25c0705b86e1d43cd956edf482</efg:identifier>
				           <efg:name>Petrov, Stefan</efg:name>
				           <efg:type>Director of photography</efg:type>
				         </efg:relPerson>
				         <efg:relPerson>
				           <efg:identifier scheme="CP_CATEGORY_ID">BNFA_person_20b096df4eda667a5258d8f78e5a4fec</efg:identifier>
				           <efg:name>Valchev, Aleksandar</efg:name>
				           <efg:type>Director of photography</efg:type>
				         </efg:relPerson>
				         <efg:relPerson>
				           <efg:identifier scheme="CP_CATEGORY_ID">BNFA_person_545c4854c22a96b7e90a8f95a4ea386f</efg:identifier>
				           <efg:name>Hristov, Iliya</efg:name>
				           <efg:type>Director of photography</efg:type>
				         </efg:relPerson>
				         <efg:relPerson>
				           <efg:identifier scheme="CP_CATEGORY_ID">BNFA_person_4e6021cf70c6af67aa1e557c0f253fba</efg:identifier>
				           <efg:name>Kitanov, Iliya</efg:name>
				           <efg:type>Director of photography</efg:type>
				         </efg:relPerson>
				         <efg:relPerson>
				           <efg:identifier scheme="CP_CATEGORY_ID">BNFA_person_4750805793daecff48207dfa14f0e152</efg:identifier>
				           <efg:name>Shahov, Yanko</efg:name>
				           <efg:type>Director of photography</efg:type>
				         </efg:relPerson>
				         <efg:relPerson>
				           <efg:identifier scheme="CP_CATEGORY_ID">BNFA_person_08df4bf77772251a7c5144a1e5d0690c</efg:identifier>
				           <efg:name>Yanakiev, Konstantin</efg:name>
				           <efg:type>Director of photography</efg:type>
				         </efg:relPerson>
				         <efg:relCorporate>
				           <efg:identifier scheme="CP_CATEGORY_ID">BNFA_corporate_44ad5ee1beca01c91076e06e55f4da73</efg:identifier>
				           <efg:name>Bulgarsko Delo</efg:name>
				           <efg:type>Production company</efg:type>
				         </efg:relCorporate>
				         <efg:relCollection>
				           <efg:identifier scheme="CP_CATEGORY_ID">BNFA_collection_a8edab4f0bf4a1af230d3d865fa4dc59</efg:identifier>
				           <efg:title>Pre-Socialist Newsreels</efg:title>
				           <efg:type>is part of</efg:type>
				         </efg:relCollection>
				       </efg:avcreation>
				     </efg:efgEntity>