<?xml version="1.0" encoding="UTF-8"?><efg:efgEntity xmlns:efg="http://www.europeanfilmgateway.eu/efg" xmlns:oai="http://www.openarchives.org/OAI/2.0/" xmlns:xsi="http://www.w3.org/2001/XMLSchema-instance">
				       <efg:avcreation>
				         <efg:avManifestation>
				           <efg:identifier scheme="CP_CATEGORY_ID">BNFA_avManifestation_27624</efg:identifier>
				           <efg:recordSource>
				             <efg:sourceID>27624</efg:sourceID>
				             <efg:provider id="BNFA" schemeID="Institution acronym">Bulgarian National Film Archive</efg:provider>
				           </efg:recordSource>
				           <efg:title lang="bg">
				             <efg:geographicScope/>
				             <efg:text>ПРЕГЛЕДЪ 8</efg:text>
				             <efg:relation>Original title</efg:relation>
				           </efg:title>
				           <efg:thumbnail>https://www.dropbox.com/s/s9rym59azf22mjc/BNFA_27624.jpg?raw=1</efg:thumbnail>
				           <efg:language usage="Audio">bg</efg:language>
				           <efg:format>
				             <efg:gauge>35 mm</efg:gauge>
				             <efg:colour hasColor="false">Black &amp; White</efg:colour>
				             <efg:sound hasSound="true">With sound</efg:sound>
				           </efg:format>
				           <efg:rightsHolder URL="http://www.bnf.bg">Bulgarian National Film Archive</efg:rightsHolder>
				           <efg:rightsStatus>In Copyright - Educational Use Permitted</efg:rightsStatus>
				           <efg:duration>00:08:21</efg:duration>
				           <efg:item>
				             <efg:identifier scheme="CP_CATEGORY_ID">BNFA_item_flO31T29vlGAFAPH-RWcyQ</efg:identifier>
				             <efg:provider>Bulgarian National Film Archive</efg:provider>
				             <efg:type>Video</efg:type>
				             <efg:aggregator>EFG vimeo account</efg:aggregator>
				             <efg:fileFormat>video/mpg4</efg:fileFormat>
				             <efg:isShownBy>https://vimeo.com/480554309</efg:isShownBy>
				           </efg:item>
				         </efg:avManifestation>
				         <efg:identifier scheme="CP_CATEGORY_ID">BNFA_avCreation_27624</efg:identifier>
				         <efg:recordSource>
				           <efg:sourceID>27624</efg:sourceID>
				           <efg:provider id="BNFA" schemeID="Institution acronym">Bulgarian National Film Archive</efg:provider>
				         </efg:recordSource>
				         <efg:countryOfReference>BG</efg:countryOfReference>
				         <efg:title lang="bg">
				           <efg:geographicScope/>
				           <efg:text>ПРЕГЛЕДЪ 8</efg:text>
				           <efg:relation>Original title</efg:relation>
				         </efg:title>
				         <efg:title lang="EN">
				           <efg:geographicScope/>
				           <efg:text>NEWSREEL 8</efg:text>
				           <efg:relation>Translated title</efg:relation>
				         </efg:title>
				         <efg:description lang="bg" type="Intertitles">"I. Обиколка на народни представители из България. Лом. Отпътуват с кораба ""Цар Борис III"". Козлодуй. Край  паметника на Христо Ботев. Капитанът на кораба, река Дунав. Кметът на Тутракан приветства депутатите. Петър Кьосеиванов говори. Силистра - пазарът, Административната палата. // II. Спекуланти чукат камъни на шосето  Балчик - Каварна. // III. Гр. Добрич - посрещане на народните представители. Балчик - пристанището. Посрещане на народните представители. // IV. Министър Славчо Загоров на излет с работници с автобуси на организацията ""Труд и радост"". Край с.Панчарево - министърът говори, сред работници, изпълнение на танцова група ""Средец"", оркестър свири. // V. София. Членове на хърватска усташка организация полагат венец пред паметните плочи на загиналите за България в казармата на I и VI-ти полк. Почетна рота. // VI. Военното училище, София - производство на офицери. Присъстват Богдан Филов, министрите, официални лица, висши офицери, германски офицери и войници. Полагане клетва. Военният министър генерал Теодоси Даскалов говори. Говори юнкер. Парад. Връчване на дипломите."</efg:description>
				         <efg:description lang="EN" type="Intertitles">"I. Members of Parliament traveling across Bulgaria. The city of Lom. The MP's sail down the Danube river on the ship ""King Boris III"". They visit Kozloduy, Tutrakan and Silistra. // II. Prisoners break rocks along the road from Bachik to Kavarna. // III. Welcoming of the MP's first in Dobrich and then in Balchik. // IV. Minister Slavcho Zagorov on an excursion with workers from the ""Work and Joy"" organisation. He holds a speech in a village. Folk dances and an orchestra plays. // V. Sofia, Members of the Croatin Ustaša fascist organization lay a wreath in front of a monument for fallen soldiers. // VI. Military school, Sofia -  graduation of officers. Prime Minister Bogdan Filov is present, together with MP's, Bulgarian and German officers. Minister of War Teodosy Daskalov holds a speech. A parade and handing diplomas. "</efg:description>
				         <efg:keywords lang="bg" type="Subject">
				           <efg:term>общественополитически събития</efg:term>
				         </efg:keywords>
				         <efg:keywords lang="bg" type="Subject">
				           <efg:term>туризъм</efg:term>
				         </efg:keywords>
				         <efg:keywords lang="EN" type="Subject">
				           <efg:term>social and political events</efg:term>
				         </efg:keywords>
				         <efg:keywords lang="EN" type="Subject">
				           <efg:term>tourism</efg:term>
				         </efg:keywords>
				         <efg:keywords lang="EN" type="Form">
				           <efg:term>Newsreel</efg:term>
				         </efg:keywords>
				         <efg:productionYear>1941</efg:productionYear>
				         <efg:relCorporate>
				           <efg:identifier scheme="CP_CATEGORY_ID">BNFA_corporate_44ad5ee1beca01c91076e06e55f4da73</efg:identifier>
				           <efg:name>Bulgarsko Delo</efg:name>
				           <efg:type>Production company</efg:type>
				         </efg:relCorporate>
				         <efg:relCollection>
				           <efg:identifier scheme="CP_CATEGORY_ID">BNFA_collection_a8edab4f0bf4a1af230d3d865fa4dc59</efg:identifier>
				           <efg:title>Pre-Socialist Newsreels</efg:title>
				           <efg:type>is part of</efg:type>
				         </efg:relCollection>
				       </efg:avcreation>
				     </efg:efgEntity>