<?xml version="1.0" encoding="UTF-8"?><efg:efgEntity xmlns:efg="http://www.europeanfilmgateway.eu/efg" xmlns:oai="http://www.openarchives.org/OAI/2.0/" xmlns:xsi="http://www.w3.org/2001/XMLSchema-instance">
				       <efg:avcreation>
				         <efg:avManifestation>
				           <efg:identifier scheme="CP_CATEGORY_ID">BNFA_avManifestation_27818</efg:identifier>
				           <efg:recordSource>
				             <efg:sourceID>27818</efg:sourceID>
				             <efg:provider id="BNFA" schemeID="Institution acronym">Bulgarian National Film Archive</efg:provider>
				           </efg:recordSource>
				           <efg:title lang="bg">
				             <efg:geographicScope/>
				             <efg:text>ПРЕГЛЕДЪ 23</efg:text>
				             <efg:relation>Original title</efg:relation>
				           </efg:title>
				           <efg:thumbnail>https://www.dropbox.com/s/qkholaj6irx48sn/BNFA_27818.jpg?raw=1</efg:thumbnail>
				           <efg:language usage="Audio">bg</efg:language>
				           <efg:format>
				             <efg:gauge>35 mm</efg:gauge>
				             <efg:colour hasColor="false">Black &amp; White</efg:colour>
				             <efg:sound hasSound="true">With sound</efg:sound>
				           </efg:format>
				           <efg:rightsHolder URL="http://www.bnf.bg">Bulgarian National Film Archive</efg:rightsHolder>
				           <efg:rightsStatus>In Copyright - Educational Use Permitted</efg:rightsStatus>
				           <efg:duration>00:08:57</efg:duration>
				           <efg:item>
				             <efg:identifier scheme="CP_CATEGORY_ID">BNFA_item_bZIc5mZ9QISsWSlH7xL4dw</efg:identifier>
				             <efg:provider>Bulgarian National Film Archive</efg:provider>
				             <efg:type>Video</efg:type>
				             <efg:aggregator>EFG vimeo account</efg:aggregator>
				             <efg:fileFormat>video/mpg4</efg:fileFormat>
				             <efg:isShownBy>https://vimeo.com/480602402</efg:isShownBy>
				           </efg:item>
				         </efg:avManifestation>
				         <efg:identifier scheme="CP_CATEGORY_ID">BNFA_avCreation_27818</efg:identifier>
				         <efg:recordSource>
				           <efg:sourceID>27818</efg:sourceID>
				           <efg:provider id="BNFA" schemeID="Institution acronym">Bulgarian National Film Archive</efg:provider>
				         </efg:recordSource>
				         <efg:countryOfReference>BG</efg:countryOfReference>
				         <efg:title lang="bg">
				           <efg:geographicScope/>
				           <efg:text>ПРЕГЛЕДЪ 23</efg:text>
				           <efg:relation>Original title</efg:relation>
				         </efg:title>
				         <efg:title lang="EN">
				           <efg:geographicScope/>
				           <efg:text>NEWSREEL 23</efg:text>
				           <efg:relation>Translated title</efg:relation>
				         </efg:title>
				         <efg:description lang="bg" type="Intertitles">"I. Подписване на културна спогодба между България и Хърватия от министър-председателя Богдан Филов и хърватски министър.                                                                                                                                                                                                                                       II. Санитарен влак от БЧК за Източния фронт. Председателят на БЧК предава влака на представител на германското командване.                                                                                                                                                                                                                          III. Празникът на Софийския университет - Денят на Свети Климент Охридски. Тържеството в Народния театър. Цар Борис III и царица Йоанна излизат от театъра, придружени от княз Кирил.                                                                                                                                                                                                IV. Витоша. Туристи вървят по заснежена планинска пътека към хижа ""Кумата"". Отслужване на молебен. // V. Откриване на железопътната линия Кулата - Демир Хисар. Водосвет. Министър Димитър Василев прерязва лентата. "</efg:description>
				         <efg:description lang="EN" type="Intertitles">"I. Signing of a cultural agreement between Bulgaria and Croatia, by prime minister Dobri Bozhilov and a Croatian minister. // II. Sanitary train of the Bulgarian Red Cross travels to the Eastern front. The chairman of the Bulgarian Red Cross hands over the train to German command. // III. Official holiday of the Sofia University  - Day of st. Clement of Ohrid. A celebration in the National theatre. King Boris III and queen Giovanna exit the theatre, followed by prince Kiril. // IV. Vitosha mountain. Tourists walk up a snow-covered track to ""Kumata"" cabin. A prayer in the cabin. // V. Opening ceremony for the railway line between Kulata and Demir Hisar. Water sanctification. Minister Dimitar Vasilev cuts the ribbon."</efg:description>
				         <efg:keywords lang="bg" type="Subject">
				           <efg:term>общественополитически събития</efg:term>
				         </efg:keywords>
				         <efg:keywords lang="bg" type="Subject">
				           <efg:term>транспорт</efg:term>
				         </efg:keywords>
				         <efg:keywords lang="EN" type="Subject">
				           <efg:term>social and political events</efg:term>
				         </efg:keywords>
				         <efg:keywords lang="EN" type="Subject">
				           <efg:term>transport</efg:term>
				         </efg:keywords>
				         <efg:keywords lang="EN" type="Form">
				           <efg:term>Newsreel</efg:term>
				         </efg:keywords>
				         <efg:productionYear>1941</efg:productionYear>
				         <efg:relCorporate>
				           <efg:identifier scheme="CP_CATEGORY_ID">BNFA_corporate_44ad5ee1beca01c91076e06e55f4da73</efg:identifier>
				           <efg:name>Bulgarsko Delo</efg:name>
				           <efg:type>Production company</efg:type>
				         </efg:relCorporate>
				         <efg:relCollection>
				           <efg:identifier scheme="CP_CATEGORY_ID">BNFA_collection_a8edab4f0bf4a1af230d3d865fa4dc59</efg:identifier>
				           <efg:title>Pre-Socialist Newsreels</efg:title>
				           <efg:type>is part of</efg:type>
				         </efg:relCollection>
				       </efg:avcreation>
				     </efg:efgEntity>