<?xml version="1.0" encoding="UTF-8"?><efg:efgEntity xmlns:efg="http://www.europeanfilmgateway.eu/efg" xmlns:oai="http://www.openarchives.org/OAI/2.0/" xmlns:xsi="http://www.w3.org/2001/XMLSchema-instance">
				       <efg:avcreation>
				         <efg:avManifestation>
				           <efg:identifier scheme="CP_CATEGORY_ID">BNFA_avManifestation_BNF010002885</efg:identifier>
				           <efg:recordSource>
				             <efg:sourceID>BNF010002885</efg:sourceID>
				             <efg:provider id="BNFA" schemeID="Institution acronym">Bulgarian National Film Archive</efg:provider>
				           </efg:recordSource>
				           <efg:title lang="bg">
				             <efg:geographicScope/>
				             <efg:text>Седмичен кинопреглед No 17</efg:text>
				             <efg:relation>Original title</efg:relation>
				           </efg:title>
				           <efg:thumbnail>https://i.ytimg.com/vi/xAWuuo24xjE/sddefault.jpg</efg:thumbnail>
				           <efg:format>
				             <efg:gauge>35 mm</efg:gauge>
				             <efg:aspectRatio>4:3</efg:aspectRatio>
				             <efg:colour hasColor="false">Black &amp; White</efg:colour>
				             <efg:sound hasSound="true">With sound</efg:sound>
				           </efg:format>
				           <efg:dimension unit="m">287</efg:dimension>
				           <efg:rightsHolder URL="http://www.bnf.bg">Bulgarian National Film Archive</efg:rightsHolder>
				           <efg:rightsStatus>In Copyright - Educational Use Permitted</efg:rightsStatus>
				           <efg:duration>00:10:06</efg:duration>
				           <efg:item>
				             <efg:identifier scheme="CP_CATEGORY_ID">BNFA_item_4EHRKmvKOvyAjUh8rVJ3qQ</efg:identifier>
				             <efg:provider>Bulgarian National Film Archive</efg:provider>
				             <efg:type>Video</efg:type>
				             <efg:aggregator>BNFA Youtube Account</efg:aggregator>
				             <efg:fileFormat>video/mpg4</efg:fileFormat>
				             <efg:isShownAt>https://www.youtube.com/watch?v=xAWuuo24xjE</efg:isShownAt>
				             <efg:isShownBy>https://www.youtube.com/watch?v=xAWuuo24xjE</efg:isShownBy>
				           </efg:item>
				         </efg:avManifestation>
				         <efg:identifier scheme="CP_CATEGORY_ID">BNFA_avCreation_BNF010002885</efg:identifier>
				         <efg:recordSource>
				           <efg:sourceID>BNF010002885</efg:sourceID>
				           <efg:provider id="BNFA" schemeID="Institution acronym">Bulgarian National Film Archive</efg:provider>
				         </efg:recordSource>
				         <efg:countryOfReference>BG</efg:countryOfReference>
				         <efg:title lang="bg">
				           <efg:geographicScope/>
				           <efg:text>Седмичен кинопреглед No 17</efg:text>
				           <efg:relation>Original title</efg:relation>
				         </efg:title>
				         <efg:title lang="EN">
				           <efg:geographicScope/>
				           <efg:text>Weekly Newsreel No 17</efg:text>
				           <efg:relation>Translated title</efg:relation>
				         </efg:title>
				         <efg:description lang="bg" type="Synopsis">I. Честване 85-годишнината от рождението на Владимир Ленин. О.п. на президиума, Вълко Червенков. Говори Енчо Стайков. Заснети Антон Югов, Юрий Приходов, Вълко Червенков.  // II. 4-ти Национален конгрес на мира. Външен вид на дом-паметник "Ал.Стамболийски". Залата на софийската опера. Публиката. Говорят Георги Пирински, академик Георги Наджаков. В президиума - патриарх Кирил, Фердинанд Козовски, майката на поета Никола Вапцаров. Хорхе Саламеа поднася приветствие от името на Световния съвет на мира. Изказвания на чужди гости. Говори патриарх Кирил, Елена Вапцарова. Митинг на мира на площад "9 септември", София. Х. Саламеа говори.  // III. ВЕЦ "Ст.Загора". Работа по монтажа на машини. Поставяне на ротора. IV. Колективът на завода за помпи "Г. Димитров", гр. Видин поема шефство над кооператорите от село Брегово за техническа помощ. Бригада от завода помага на кооператорите. V. Опитният телевизионен център в София. Зареждане на лента. Инженери. Семейство гледа телевизия. VI. Корабостроителният завод "Г. Димитров", гр. Варна. Пускане на вода на нов шлеп. Строеж на кораб, монтиране.  // VII. Продажба на вестници. Работници, граждани четат вестници с постановлението за 5-то намаление на цените. Народно веселие.</efg:description>
				         <efg:description lang="EN" type="Synopsis">I. Celebration of the 85th anniversary of the birth of Vladimir Lenin. Close-up of the presidium, Valko Chervenkov. Encho Staikov speaks. On film - Anton Yugov, Yuri Prihodov, Valko Chervenkov. // II. Fourth National Congress of Peace. Exterior of Alexander Stamboliyski's birth house. The hall of the Sofia Opera. Audience. Georgi Pirinski and acad. Georgi Nadjakov speak. In the presidium - Patriarch Kiril, Ferdinand Kozovski, the mother of the poet Nikola Vaptsarov. Jorge Salamea greets on behalf of the World Peace Council. Speeches by foreign guests. Patriarch Kiril speaks, Elena Vaptsarova. // III. HPP "Stara Zagora". Work on the installation of machines. Installing the rotor. // IV. The staff of the pump factory "Georgi Dimitrov" in the city of Vidin takes over the patronage of the cooperators from the village of Bregovo for technical assistance. A brigade from the factory helps the cooperators. // V. The Experimental Television Centre in Sofia. Loading tape. Engineers. Family watching TV. // VI. Shipyard "Georgi Dimitrov", Varna. A barge. Ship construction. // VII. Sale of newspapers. Workers, citizens read newspapers with the decree for the 5th reduction of prices. People rejoice.</efg:description>
				         <efg:keywords lang="bg" type="Subject">
				           <efg:term>общественополитически събития</efg:term>
				         </efg:keywords>
				         <efg:keywords lang="bg" type="Subject">
				           <efg:term>строителство</efg:term>
				         </efg:keywords>
				         <efg:keywords lang="bg" type="Subject">
				           <efg:term>селско стопанство</efg:term>
				         </efg:keywords>
				         <efg:keywords lang="bg" type="Subject">
				           <efg:term>промишленост</efg:term>
				         </efg:keywords>
				         <efg:keywords lang="EN" type="Subject">
				           <efg:term>sociopolitical events</efg:term>
				         </efg:keywords>
				         <efg:keywords lang="EN" type="Subject">
				           <efg:term>construction</efg:term>
				         </efg:keywords>
				         <efg:keywords lang="EN" type="Subject">
				           <efg:term>agriculture</efg:term>
				         </efg:keywords>
				         <efg:keywords lang="EN" type="Subject">
				           <efg:term>manufacture</efg:term>
				         </efg:keywords>
				         <efg:keywords lang="EN" type="Form">
				           <efg:term>Newsreel</efg:term>
				         </efg:keywords>
				         <efg:productionYear>1955</efg:productionYear>
				         <efg:relPerson>
				           <efg:identifier scheme="CP_CATEGORY_ID">BNFA_person_034786e2cf32542d4b8352c7f7ead248</efg:identifier>
				           <efg:name>Zahariev, Dimko</efg:name>
				           <efg:type>Director</efg:type>
				         </efg:relPerson>
				         <efg:relPerson>
				           <efg:identifier scheme="CP_CATEGORY_ID">BNFA_person_9574e53c22716d9ac205c46d76cd3e05</efg:identifier>
				           <efg:name>Camera crew at the studio</efg:name>
				           <efg:type>Director of photography</efg:type>
				         </efg:relPerson>
				         <efg:relCorporate>
				           <efg:identifier scheme="CP_CATEGORY_ID">BNFA_corporate_f05d07b7f7f8f48146ed9c72f988b393</efg:identifier>
				           <efg:name>Studia za Hronikalni i Dokumentalni Filmi</efg:name>
				           <efg:type>Production company</efg:type>
				         </efg:relCorporate>
				         <efg:relCollection>
				           <efg:identifier scheme="CP_CATEGORY_ID">BNFA_collection_af2e1eef8cfa1798fb13d6ecece3a910</efg:identifier>
				           <efg:title>Socialist Newsreels</efg:title>
				           <efg:type>is part of</efg:type>
				         </efg:relCollection>
				       </efg:avcreation>
				     </efg:efgEntity>