<?xml version="1.0" encoding="UTF-8"?><efg:efgEntity xmlns:efg="http://www.europeanfilmgateway.eu/efg" xmlns:oai="http://www.openarchives.org/OAI/2.0/" xmlns:xsi="http://www.w3.org/2001/XMLSchema-instance">
				       <efg:avcreation>
				         <efg:avManifestation>
				           <efg:identifier scheme="CP_CATEGORY_ID">BNFA_avManifestation_38851</efg:identifier>
				           <efg:recordSource>
				             <efg:sourceID>38851</efg:sourceID>
				             <efg:provider id="BNFA" schemeID="Institution acronym">Bulgarian National Film Archive</efg:provider>
				           </efg:recordSource>
				           <efg:title lang="bg">
				             <efg:geographicScope/>
				             <efg:text>ПРЕГЛЕДЪ 125</efg:text>
				             <efg:relation>Original title</efg:relation>
				           </efg:title>
				           <efg:thumbnail>https://www.dropbox.com/s/wgj1g4tn1cb2k57/BNFA_38851.jpg?raw=1</efg:thumbnail>
				           <efg:language usage="Audio">bg</efg:language>
				           <efg:format>
				             <efg:gauge>35 mm</efg:gauge>
				             <efg:colour hasColor="false">Black &amp; White</efg:colour>
				             <efg:sound hasSound="true">With sound</efg:sound>
				           </efg:format>
				           <efg:rightsHolder URL="http://www.bnf.bg">Bulgarian National Film Archive</efg:rightsHolder>
				           <efg:rightsStatus>In Copyright - Educational Use Permitted</efg:rightsStatus>
				           <efg:duration>00:09:40</efg:duration>
				           <efg:item>
				             <efg:identifier scheme="CP_CATEGORY_ID">BNFA_item_rD7mWks8vQFDW-Qpx1cwYQ</efg:identifier>
				             <efg:provider>Bulgarian National Film Archive</efg:provider>
				             <efg:type>Video</efg:type>
				             <efg:aggregator>EFG vimeo account</efg:aggregator>
				             <efg:fileFormat>video/mpg4</efg:fileFormat>
				             <efg:isShownBy>https://vimeo.com/480827140</efg:isShownBy>
				           </efg:item>
				         </efg:avManifestation>
				         <efg:identifier scheme="CP_CATEGORY_ID">BNFA_avCreation_38851</efg:identifier>
				         <efg:recordSource>
				           <efg:sourceID>38851</efg:sourceID>
				           <efg:provider id="BNFA" schemeID="Institution acronym">Bulgarian National Film Archive</efg:provider>
				         </efg:recordSource>
				         <efg:countryOfReference>BG</efg:countryOfReference>
				         <efg:title lang="bg">
				           <efg:geographicScope/>
				           <efg:text>ПРЕГЛЕДЪ 125</efg:text>
				           <efg:relation>Original title</efg:relation>
				         </efg:title>
				         <efg:title lang="EN">
				           <efg:geographicScope/>
				           <efg:text>NEWSREEL 125</efg:text>
				           <efg:relation>Translated title</efg:relation>
				         </efg:title>
				         <efg:description lang="bg" type="Intertitles">I. София. Държавната художествена галерия. Откриване 17-та Обща художествена изложба, организирана от Съюза на художниците в България. Слово на председателя на съюза, Райко Алексиев. Министърът на народното просвещение Борис Йоцов говори. // II. Япония. Деца играят на войници - стрелят с оръдие, в сражение с дървени самолети и танкове. // III. София. Държавната печатница. Освещаване паметна плоча на загиналите във войните работници и служители на печатницата. Военна част пред сградата в едноминутно мълчание. Полагане венци пред плочата.  // IV. София. Откриване на Унгарски научен институт при Софийския университет. Говори Борис Йоцов, министър на народното просвещение. Говори унгарският пълномощен министър Мишел Арноти. // V. София. ШЗО. Производство в чин фелдфебел на 3-ти обединен випуск в присъствието на военния министър генерал Руси Русев. Връчване дипломи и награди. Парад на новите офицери в двора на школата. // VI. София. Погребение на капитан Димитър Списаревски и поручик Георги Кюмюрджиев, загинали във въздушен бой с английски пилоти. Траурно шествие по софийските улици. Близки на загиналите. Полагане венци. Прелита самолет.</efg:description>
				         <efg:description lang="EN" type="Intertitles">I. State Gallery, Sofia. Opening of 17th art exhibition, organized by the Artists' Union of Bulgaria. Rayko Aleksiev, president of the union, holds a speech. Minister of Education Boris Yotsov speaks.  // II. Japan. Children playing soldiers - they shoot a cannon, battle with wooden planes and tanks.  // III. Sofia. State printing office. Consecration of a memorial plaque of the workers and employers who fell in the wars. Military unit in front of the building in a moment of silence. Laying wreaths in front of the plaque.  // IV. Sofia. Opening of a Hungarian Scientific Institute at Sofia University. Boris Yotsov, Minister of Education, speaks. Hungarian Minister Plenipotentiary Michel Arnotti speaks. V. Sofia. Officers. War Minister Gen. Rusi Rusev is present. Presentation of diplomas and awards. The new officers parade in the school yard.  // VI. Sofia. Funeral of Captain Dimitar Spisarevski and Lieutenant Georgi Kyumyurdzhiev, who died in an air battle with British pilots. Mourning procession in the streets of Sofia. Relatives of the dead. Laying wreaths. A plane flies over.</efg:description>
				         <efg:keywords lang="bg" type="Subject">
				           <efg:term>изкуство</efg:term>
				         </efg:keywords>
				         <efg:keywords lang="bg" type="Subject">
				           <efg:term>общественополитически събития</efg:term>
				         </efg:keywords>
				         <efg:keywords lang="EN" type="Subject">
				           <efg:term>arts</efg:term>
				         </efg:keywords>
				         <efg:keywords lang="EN" type="Subject">
				           <efg:term>social and political events</efg:term>
				         </efg:keywords>
				         <efg:keywords lang="EN" type="Form">
				           <efg:term>Newsreel</efg:term>
				         </efg:keywords>
				         <efg:productionYear>1944</efg:productionYear>
				         <efg:relCorporate>
				           <efg:identifier scheme="CP_CATEGORY_ID">BNFA_corporate_44ad5ee1beca01c91076e06e55f4da73</efg:identifier>
				           <efg:name>Bulgarsko Delo</efg:name>
				           <efg:type>Production company</efg:type>
				         </efg:relCorporate>
				         <efg:relCollection>
				           <efg:identifier scheme="CP_CATEGORY_ID">BNFA_collection_a8edab4f0bf4a1af230d3d865fa4dc59</efg:identifier>
				           <efg:title>Pre-Socialist Newsreels</efg:title>
				           <efg:type>is part of</efg:type>
				         </efg:relCollection>
				       </efg:avcreation>
				     </efg:efgEntity>