<?xml version="1.0" encoding="UTF-8"?><efg:efgEntity xmlns:efg="http://www.europeanfilmgateway.eu/efg" xmlns:oai="http://www.openarchives.org/OAI/2.0/" xmlns:xsi="http://www.w3.org/2001/XMLSchema-instance">
				       <efg:avcreation>
				         <efg:avManifestation>
				           <efg:identifier scheme="CP_CATEGORY_ID">BNFA_avManifestation_8826</efg:identifier>
				           <efg:recordSource>
				             <efg:sourceID>8826</efg:sourceID>
				             <efg:provider id="BNFA" schemeID="Institution acronym">Bulgarian National Film Archive</efg:provider>
				           </efg:recordSource>
				           <efg:title lang="bg">
				             <efg:geographicScope/>
				             <efg:text>ПРЕГЛЕДЪ 96</efg:text>
				             <efg:relation>Original title</efg:relation>
				           </efg:title>
				           <efg:thumbnail>https://www.dropbox.com/s/e1gcqcgpv6h0lzp/BNFA_8826.jpg?raw=1</efg:thumbnail>
				           <efg:language usage="Audio">bg</efg:language>
				           <efg:format>
				             <efg:gauge>35 mm</efg:gauge>
				             <efg:colour hasColor="false">Black &amp; White</efg:colour>
				             <efg:sound hasSound="true">With sound</efg:sound>
				           </efg:format>
				           <efg:rightsHolder URL="http://www.bnf.bg">Bulgarian National Film Archive</efg:rightsHolder>
				           <efg:rightsStatus>In Copyright - Educational Use Permitted</efg:rightsStatus>
				           <efg:duration>00:08:52</efg:duration>
				           <efg:item>
				             <efg:identifier scheme="CP_CATEGORY_ID">BNFA_item_P7dox2zP+jTYf6gm2-q1Zw</efg:identifier>
				             <efg:provider>Bulgarian National Film Archive</efg:provider>
				             <efg:type>Video</efg:type>
				             <efg:aggregator>EFG vimeo account</efg:aggregator>
				             <efg:fileFormat>video/mpg4</efg:fileFormat>
				             <efg:isShownBy>https://vimeo.com/480576718</efg:isShownBy>
				           </efg:item>
				         </efg:avManifestation>
				         <efg:identifier scheme="CP_CATEGORY_ID">BNFA_avCreation_8826</efg:identifier>
				         <efg:recordSource>
				           <efg:sourceID>8826</efg:sourceID>
				           <efg:provider id="BNFA" schemeID="Institution acronym">Bulgarian National Film Archive</efg:provider>
				         </efg:recordSource>
				         <efg:countryOfReference>BG</efg:countryOfReference>
				         <efg:title lang="bg">
				           <efg:geographicScope/>
				           <efg:text>ПРЕГЛЕДЪ 96</efg:text>
				           <efg:relation>Original title</efg:relation>
				         </efg:title>
				         <efg:title lang="EN">
				           <efg:geographicScope/>
				           <efg:text>NEWSREEL 96</efg:text>
				           <efg:relation>Translated title</efg:relation>
				         </efg:title>
				         <efg:description lang="bg" type="Intertitles">"I. Гара Пирин - нова черква. Влизат духовници. Иконостасът,  дърворезба. // II. С. Радославово, Пирдопско - откриване паметник на загиналите от селото за обединението на България. Присъстват министърът на търговията Никола Захариев, хърватския пълномощен министър Жидовец.  // III. Село Обнова, Плевенско - панорама. Откриване Професионален селски дом. Шествие. на множество на площад.   // IV. Тоскана, Италия. Борови гори. Добив на смола - девойки поставят метални пластини в кората на дървета и под тях съдинки. Издълбават нарези в кората. Събиране на смолата. // V. София. Отбелязване именния ден на Цар Борис III. Хора и войскови части на площада пред храм паметник ""Ал. Невски"". Пред храма -  молебен, присъстват Богдан Филов, министър-председател, министрите, чужди военни аташета, висши духовници. Военният министър генерал Никола Михов поздравява офицери и войници. Граждани и военни вървят към Двореца.   // VI. Седмица на книгата 15 – 24 май 1943 г. Библиотеката на Софийския университет. Изложба на български книги. Хора разглеждат. Детски  книги. Софийската градска библиотека - хора влизат в сградата. Взимат книги. Читалня. Детска библиотека в училище ""Ив.Денкоглу"". Деца избират книги. Читалня. // VII. Плажът на гр. Бургас. Освещаване лодковия парк на местните браннически дружини. Строени бранници. Аналой, духовници. Говори зам.ръководителят на ""Бранник"". Парад на бранници по улиците на града. "</efg:description>
				         <efg:description lang="EN" type="Intertitles">"I. Pirin train station  - new church. Clergymen enter;  The iconostasis, woodwork. // II. The village of Radoslavovo, near Pirdop  - unveiling of a monument to the locals who fought for unification. Present are the trade minister Nikola Zahariev and Croatian plenipotentiary minister Vladimir Židovec. // III. Views from the village of Obnova, near Pleven. Grand opening of an agricultural building. Crowd on the village square. // IV. Tuscany, Italy  - Pine woods. Extraction of tree sap  - young women place metal plates in the trees' bark. They carve notches in the the bark and gather the sap. // V. Sofia. A celebration for the name day of King Boris III. Citizens and soldiers in the square in front of the ""Alexander Nevski"" cathedral. A service in front of the cathedral. Present are prime minister Bogdan Filov, ministers, foreign military attaches and high-ranking clergyman. Minister of war gen. Nikola Mihov greets the officers and soldiers. Citizens walk towards the palace. // VI. Book week, May 15 - 24, 1943. The library of Sofia University; Exhibition of Bulgarian books; Visitors look around; Children's books; Sofia City Library  - people enter the building. They take out books; Reading room. The children's library in the ""Iv. Denkoglu"" school. Children browse books; Reading room. // VII. Burgas city beach  - consecration of a local outfit of the fascist organization ""Brannik"". Parade of ""Brannik"" members on the streets of the city."</efg:description>
				         <efg:keywords lang="bg" type="Subject">
				           <efg:term>селско стопанство</efg:term>
				         </efg:keywords>
				         <efg:keywords lang="bg" type="Subject">
				           <efg:term>спорт</efg:term>
				         </efg:keywords>
				         <efg:keywords lang="bg" type="Subject">
				           <efg:term>култура</efg:term>
				         </efg:keywords>
				         <efg:keywords lang="bg" type="Subject">
				           <efg:term>транспорт</efg:term>
				         </efg:keywords>
				         <efg:keywords lang="EN" type="Subject">
				           <efg:term>agriculture</efg:term>
				         </efg:keywords>
				         <efg:keywords lang="EN" type="Subject">
				           <efg:term>sport</efg:term>
				         </efg:keywords>
				         <efg:keywords lang="EN" type="Subject">
				           <efg:term>culture</efg:term>
				         </efg:keywords>
				         <efg:keywords lang="EN" type="Subject">
				           <efg:term>transport</efg:term>
				         </efg:keywords>
				         <efg:keywords lang="EN" type="Form">
				           <efg:term>Newsreel</efg:term>
				         </efg:keywords>
				         <efg:productionYear>1943</efg:productionYear>
				         <efg:relCorporate>
				           <efg:identifier scheme="CP_CATEGORY_ID">BNFA_corporate_44ad5ee1beca01c91076e06e55f4da73</efg:identifier>
				           <efg:name>Bulgarsko Delo</efg:name>
				           <efg:type>Production company</efg:type>
				         </efg:relCorporate>
				         <efg:relCollection>
				           <efg:identifier scheme="CP_CATEGORY_ID">BNFA_collection_a8edab4f0bf4a1af230d3d865fa4dc59</efg:identifier>
				           <efg:title>Pre-Socialist Newsreels</efg:title>
				           <efg:type>is part of</efg:type>
				         </efg:relCollection>
				       </efg:avcreation>
				     </efg:efgEntity>